{
	"format_version": "1.8.0",
	"animations": {
		"animation.black_bear.move": {
			"loop": true,
			"animation_length": 1.04,
			"bones": {
				"leg1": {
					"rotation": {
						"0.0": [15, 0, 0],
						"0.52": [-10, 0, 0],
						"1.04": [15, 0, 0]
					}
				},
				"leg3": {
					"rotation": {
						"0.0": [-17.5, 0, 0],
						"0.52": [17.5, 0, 0],
						"1.04": [-17.5, 0, 0]
					}
				},
				"head": {
					"rotation": {
						"0.0": [5, 0, 0],
						"0.52": [0, 0, 0],
						"1.04": [5, 0, 0]
					}
				},
				"leg2": {
					"rotation": {
						"0.0": [-17.5, 0, 0],
						"0.52": [17.5, 0, 0],
						"1.04": [-17.5, 0, 0]
					}
				},
				"leg4": {
					"rotation": {
						"0.0": [17.5, 0, 0],
						"0.52": [-12.5, 0, 0],
						"1.04": [17.5, 0, 0]
					}
				}
			}
		}
	}
}