{
	"format_version": "1.8.0",
	"animations": {
		"animation.puma.move": {
			"loop": true,
			"animation_length": 1.04,
			"bones": {
				"Head": {
					"rotation": {
						"0.0": [0, 0, -5],
						"0.52": [0, 0, 2.5],
						"1.04": [0, 0, -5]
					}
				},
				"Neck": {
					"rotation": {
						"0.0": [0, 0, -5],
						"0.52": [0, 0, 2.5],
						"1.04": [0, 0, -5]
					}
				},
				"Tail": {
					"rotation": {
						"0.0": [0, 0, 7.5],
						"0.52": [0, 0, -15],
						"1.04": [0, 0, 7.5]
					},
					"position": {
						"0.0": [-2, 0, 0],
						"0.52": [2, 0, 0],
						"1.04": [-2, 0, 0]
					}
				},
				"Body": {
					"rotation": {
						"0.0": [0, 0, -2.5],
						"0.52": [0, 0, 2.5],
						"1.04": [0, 0, -2.5]
					}
				},
				"Leg1": {
					"rotation": {
						"0.0": [-40, 0, 0],
						"0.52": [30, 0, 0],
						"1.04": [-40, 0, 0]
					},
					"position": {
						"0.0": [0, 14, 0],
						"0.52": [0, -9, 7],
						"1.04": [0, 14, 0]
					}
				},
				"Leg2": {
					"rotation": {
						"0.0": [40, 0, 0],
						"0.52": [-30, 0, 0],
						"1.04": [40, 0, 0]
					},
					"position": {
						"0.0": [0, -11, 9],
						"0.52": [0, 9, 0],
						"1.04": [0, -11, 9]
					}
				},
				"Leg3": {
					"rotation": {
						"0.0": [37.5, 0, 0],
						"0.52": [-17.5, 0, 0],
						"1.04": [37.5, 0, 0]
					},
					"position": {
						"0.0": [0, -28, 14],
						"0.16": [0, -14.46, 5.38],
						"0.28": [0, -4.31, 1.25],
						"0.52": [0, 16, -1],
						"0.72": [0, -0.92, 0.77],
						"0.84": [0, -11.07, 3.73],
						"1.04": [0, -28, 14]
					}
				},
				"Leg4": {
					"rotation": {
						"0.0": [-32.5, 0, 0],
						"0.52": [40, 0, 0],
						"1.04": [-32.5, 0, 0]
					},
					"position": {
						"0.0": [0, 26, 2],
						"0.16": [0, 8.15, -2],
						"0.28": [0, -5.23, 0.67],
						"0.52": [0, -32, 15],
						"0.72": [0, -9.69, 2],
						"0.84": [0, 3.69, -1],
						"1.04": [0, 26, 2]
					}
				}
			}
		}
	}
}