{
  "format_version": "1.14.0",
  "minecraft:entity": { 
    "description": {
      "identifier": "fmods:snapping",
      "is_spawnable": true,
      "is_summonable": true,
      "is_experimental": false
    },

    "component_groups": {
      "minecraft:rhino_baby": {
      "minecraft:fall_damage": {
        "value": 0.0
      },
        "minecraft:is_baby": {
        },
        "minecraft:loot": {
          "table": "loot_tables/entities/rhino.json"
        },
        "minecraft:scale": {
          "value": 0.1
        },
        "minecraft:behavior.nearest_attackable_target": {
          "priority": 2,
          "attack_interval": 10,
          "reselect_targets": true,
          "entity_types": [
            {
              "filters": {
                "any_of": [
                  { "test" :  "is_family", "subject" : "other", "value" :  "iron_golem"},
                  { "test" :  "is_family", "subject" : "other", "value" :  "villager"},
                  { "test" :  "is_family", "subject" : "other", "value" :  "player"}
                ] 
              },
              "max_dist": 32
            }
          ],
          "must_see": true
        },
        "minecraft:ageable": {
          "duration": 1200,
          "feed_items": [
            "beef",
            "rotten_flesh",
            "cooked_chicken",
            "porkchop",
            "cooked_beef",
            "cooked_rabbit"
          ],
          "grow_up": {
            "event": "minecraft:ageable_grow_up",
            "target": "self"
          }
        }
      },

      "minecraft:rhino_adult": {
      "minecraft:fall_damage": {
        "value": 0.0
      },

        "minecraft:experience_reward": {
          "on_bred": "Math.Random(1,7)",
          "on_death": "query.last_hit_by_player ? Math.Random(1,3) : 0"
        },
        "minecraft:scale": {
          "value": 0.7
        },
        "minecraft:loot": {
          "table": "loot_tables/entities/rhino.json"                           },
        "minecraft:behavior.breed": {
          "priority": 3,
          "speed_multiplier": 1.0
        },
        "minecraft:breedable": {
          "require_tame": false,
          "breeds_with": {
            "mate_type": "fmods:snapping",
            "baby_type": "fmods:snapping",
            "breed_event": {
              "event": "minecraft:entity_born",
              "target": "baby"
            }
          },
          "breed_items": [
            "beef",
            "cooked_rabbit",
            "porkchop",
            "rotten_flesh",
            "cooked_beef",
            "cooked_chicken"
          ]
        }
      },

      "minecraft:rhino_angry": {
        "minecraft:angry": {
          "duration": 25,
          "broadcast_anger": true,
          "broadcast_range": 20,
          "calm_event": {
            "event": "minecraft:on_calm",
            "target": "self"
          }
        },
        "minecraft:on_target_acquired": {
        }
      },

      "minecraft:rhino_wild": {
        "minecraft:behavior.nearest_attackable_target": {
          "priority": 2,
          "attack_interval": 10,
          "reselect_targets": true,
          "entity_types": [
            {
              "filters": {
                "any_of": [
                  { "test" :  "is_family", "subject" : "other", "value" :  "salmon"},
                  { "test" :  "is_family", "subject" : "other", "value" :  "rabbit"},                                   { "test" :  "is_family", "subject" : "other", "value" :  "aloxolot"},                                        { "test" :  "is_family", "subject" : "other", "value" :  "player"},                                     { "test" :  "is_family", "subject" : "other", "value" :  "fish"},    
                  { "test" :  "is_family", "subject" : "other", "value" :  "drowned"}
                ] 
              },
              "max_dist": 32
            }
          ],
          "must_see": true
        },
        "minecraft:on_target_acquired": {
          "event": "minecraft:become_angry",
          "target": "self"
        },
        "minecraft:rideable": {
          "seat_count": 1,
          "family_types": [
            "zombike"
          ],
          "seats": {
            "position": [ 0.0, 0.675, -0.1 ]
          }
        }
      }
      }, 
    "components": {
      "minecraft:behavior.hurt_by_target": {
        "priority": 1
      },
      "minecraft:nameable": {
      },
      "minecraft:damage_sensor": {
        "triggers": {
          "cause": "fall",
          "deals_damage": false
        }
      },
			"minecraft:behavior.delayed_attack": {
				"attack_duration": 1.08,
				"hit_delay_pct": 1.04,
				"speed_multiplier": 1.1,
				"track_target": true
      },
      "minecraft:type_family": {
        "family": [ "snapping", "mob" ]
      },
      "minecraft:horse.jump_strength": {
        "value": {
          "range_min": 0.8, 
          "range_max": 1.4
        }
      },
      "minecraft:fall_damage": {
        "value": 0.0                          },
      "minecraft:movement": {
        "value": 0.1
      },
      "minecraft:collision_box": {
        "width": 1.0,
        "height": 1.0                         },
      "minecraft:breathable": {
        "total_supply": 15,
        "suffocate_time": 0,
        "breathes_water": true,
        "breathes_air": true,
        "generates_bubbles": false            },
      "minecraft:navigation.generic": {
        "is_amphibious": true,
        "can_path_over_water": true,
        "can_swim": true,
        "can_walk": true,
        "can_sink": false,
        "avoid_damage_blocks": true           },
      "minecraft:underwater_movement": {
        "value": 0.1      },
      "minecraft:behavior.move_to_water": {
        "priority": 6,
        "search_range": 16,
        "search_height": 5,
        "search_count": 1,
        "goal_radius": 0.1
      },
      "minecraft:behavior.swim_idle": {
        "priority": 7,
        "idle_time": 5.0,
        "success_rate": 0.05
      },
      "minecraft:behavior.random_swim": {
        "priority": 8,
        "interval": 0,
        "xz_dist": 30,
        "y_dist": 15
      },
      "minecraft:health": {
        "value": 75,
        "max": 75
      },
      "minecraft:hurt_on_condition": {
        "damage_conditions": [
          {
            "filters": { "test": "in_lava", "subject": "self", "operator": "==", "value": true },
            "cause": "lava",
            "damage_per_tick": 4
          }
        ]                                     },
      "minecraft:behavior.avoid_mob_type": {
        "priority": 5,
        "entity_types": [
          {
            "filters": {
              "any_of": [
                {
                  "all_of": [
                    { "test": "is_family", "subject": "other", "value": "rhino" },
                    { "test": "trusts", "subject": "other", "operator": "!=", "value": true },
                    { "test": "is_sneaking", "subject": "other", "operator": "!=", "value": true }
                  ]
                },
                { "test": "is_family", "subject": "other", "value": "elephant" },
                { "test": "is_family", "subject": "other", "value": "crocodile" }
              ]
            },
            "max_dist": 10,
            "walk_speed_multiplier": 1.0,
            "sprint_speed_multiplier": 1.5
          }
        ]
      },
      "minecraft:movement": {
        "value": 0.3
      },
      "minecraft:navigation.walk": {
        "can_path_over_water": true,
        "avoid_damage_blocks": true
      },
      "minecraft:movement.basic": {
      },
      "minecraft:jump.static": {
      },
      "minecraft:can_climb": {
      },
      "minecraft:attack": {
        "damage": 8
      },
      "minecraft:healable": {
        "items": [
          {
            "item": "apple",
            "heal_amount": 30
          },
          {
            "item": "leaves",
            "heal_amount": 80
          },
          {
            "item": "leaves2",
            "heal_amount": 20
          },
          {
            "item": "grass",
            "heal_amount": 20
          },
          {
            "item": "potato",
            "heal_amount": 10
          },
          {
            "item": "melon",
            "heal_amount": 10
          },
          {
            "item": "carrot",
            "heal_amount": 100
          }
        ]
      },
      "minecraft:behavior.float": {
        "priority": 0
      },
      "minecraft:behavior.mount_pathing": {
        "priority": 1,
        "speed_multiplier": 1.25,
        "target_dist": 0,
        "track_target": true
      },
      "minecraft:behavior.stay_while_sitting": {
        "priority": 3
      },
      "minecraft:behavior.leap_at_target": {
        "priority": 4,
        "target_dist": 0.4
      },
      "minecraft:behavior.melee_attack": {
        "priority": 5,
        "target_dist": 1.2,
        "track_target": true,
        "reach_multiplier": 1.0
      },
      "minecraft:behavior.random_stroll": {
        "priority": 6,
        "speed_multiplier": 1.0
      },
      "minecraft:behavior.look_at_player": {
        "priority": 5,
        "target_distance": 6.0,
        "probability": 0.02
      },
      "minecraft:behavior.beg": {
        "priority": 9,
        "look_distance": 8,
        "look_time": [ 2, 4 ],
        "items": [ "carrot", "melon", "apple", "leaves2", "leaves", "grass",  "potato" ]
      },

      "minecraft:behavior.hurt_by_target": {
        "priority": 3
      },
	    "minecraft:physics": {
      },
      "minecraft:pushable": {
        "is_pushable": true,
        "is_pushable_by_piston": true
      }
    },


    "events": {
      "minecraft:entity_spawned": {
        "randomize": [
          {
            "weight": 9,
            "remove": {
            },
            "add": {
              "component_groups": [
                "minecraft:rhino_adult",
                "minecraft:rhino_wild"
              ]
            }
          },
          {
            "weight": 1,
            "remove": {
            },
            "add": {
              "component_groups": [
                "minecraft:rhino_baby",
                "minecraft:rhino_wild"
              ]

            }
          }
        ]
      },

      "minecraft:entity_born": {
        "remove": {
        },
        "add": {
          "component_groups": [
            "minecraft:rhino_baby",
            "minecraft:rhino_tame"
          ]
        }
      },

      "minecraft:ageable_grow_up": {
        "remove": {
          "component_groups": [
            "minecraft:rhino_baby"
          ]
        },
        "add": {
          "component_groups": [
            "minecraft:rhino_adult"
          ]
        }
      },

      "minecraft:ageable_set_baby": {
        "remove": {
          "component_groups": [
            "minecraft:rhino_adult"
          ]
        },
        "add": {
          "component_groups": [
            "minecraft:rhino_baby"
          ]
        }
      },
      "minecraft:smidolon_saddle": {
        "add": {
          "component_groups": [
            "minecraft:rhino_tame_saddle"
          ]
        }
      },
      "minecraft:rhino_sit": {
        "add": {
          "component_groups": [
            "minecraft:rhino_sit"
          ]
        }
      },
      "minecraft:rhino_stand": {
        "remove": {
          "component_groups": [
            "minecraft:rhino_sit"
          ]
        },
        "add": {
          "component_groups": [
            "minecraft:rhino_normal"
          ]
        }
      },
      "minecraft:on_tame": {
        "remove": {
          "component_groups": [
            "minecraft:rhino_wild"
          ]
        },
        "add": {
          "component_groups": [
            "minecraft:rhino_tame"
          ]
        }
      },
      "minecraft:become_angry": {
        "remove": {
          "component_groups": [
            "minecraft:rhino_wild"
          ]
        },
        "add": {
          "component_groups": [
            "minecraft:rhino_angry"
          ]
        }
      },
      "minecraft:on_calm": {
        "remove": {
          "component_groups": [
            "minecraft:rhino_angry"
          ]
        },
        "add": {
          "component_groups": [
            "minecraft:rhino_wild"
          ]
        }
      }
    }
  }
}
