{
	"format_version": "1.8.0",
	"animations": {
		"animation.lion.attack": {
			"animation_length": 0.88,
			"bones": {
				"bb_main": {
					"position": {
						"0.0": [0, 0, 0],
						"0.64": [0, -6, 0]
					}
				},
				"bone": {
					"rotation": {
						"0.0": [2.5, 0, 0],
						"0.64": [7.5, 0, 0]
					},
					"position": {
						"0.0": [0, -1, 0],
						"0.64": [0, -8.05, 0]
					}
				},
				"bone2": {
					"rotation": {
						"0.0": [-2.5, 0, 0],
						"0.64": [2.5, 0, 0]
					}
				},
				"bone4": {
					"rotation": {
						"0.0": [2.5, -2.5, 0],
						"0.64": [-5, -2.5, 0]
					}
				},
				"bone5": {
					"rotation": {
						"0.0": [0, 0, -2.5],
						"0.64": [-25.71, 0, 37.5],
						"0.88": [-67.5, 0, -2.5]
					}
				},
				"bone6": {
					"rotation": {
						"0.0": [0, 0, 2.5],
						"0.64": [-21.9, 0, -42.86],
						"0.88": [-57.5, 0, -5]
					}
				},
				"bone8": {
					"rotation": {
						"0.0": [2.5, 0, 0],
						"0.64": [-7.5, 0, 0]
					}
				}
			}
		}
	}
}