{
	"format_version": "1.8.0",
	"animations": {
		"animation.lion.move": {
			"loop": true,
			"animation_length": 1.04,
			"bones": {
				"bb_main": {
					"rotation": {
						"0.0": [0, 0, 0],
						"0.52": [0, 0, 2.5],
						"1.04": [0, 0, 0]
					}
				},
				"bone": {
					"rotation": {
						"0.0": [0, 0, -2.5],
						"0.52": [0, 0, 3.75],
						"1.04": [0, 0, -2.5]
					}
				},
				"bone2": {
					"rotation": {
						"0.0": [0, 0, -2.5],
						"0.52": [0, 0, 2.5],
						"1.04": [0, 0, -2.5]
					}
				},
				"bone4": {
					"rotation": {
						"0.0": [45, 0, 0],
						"0.52": [-42.5, 0, 0],
						"1.04": [45, 0, 0]
					}
				},
				"bone5": {
					"rotation": {
						"0.0": [42.5, 0, 0],
						"0.52": [-47.5, 0, 0],
						"1.04": [42.5, 0, 0]
					}
				},
				"bone6": {
					"rotation": {
						"0.0": [-40, 0, 0],
						"0.52": [45, 0, 0],
						"1.04": [-40, 0, 0]
					}
				},
				"bone8": {
					"rotation": {
						"0.0": [-37.5, 0, 0],
						"0.52": [40, 0, 0],
						"1.04": [-37.5, 0, 0]
					}
				}
			}
		}
	}
}