{
	"format_version": "1.8.0",
	"animations": {
		"animation.hyena.move": {
			"loop": true,
			"animation_length": 1.04,
			"bones": {
				"leg2": {
					"rotation": {
						"0.0": [22.5, 0, 0],
						"0.52": [-15, 0, 0],
						"1.04": [22.5, 0, 0]
					}
				},
				"leg3": {
					"rotation": {
						"0.0": [15, 0, 0],
						"0.52": [-15, 0, 0],
						"1.04": [15, 0, 0]
					}
				},
				"leg4": {
					"rotation": {
						"0.0": [-30, 0, 0],
						"0.52": [15, 0, 0],
						"1.04": [-30, 0, 0]
					}
				},
				"leg1": {
					"rotation": {
						"0.0": [-15, 0, 0],
						"0.52": [15, 0, 0],
						"1.04": [-15, 0, 0]
					}
				},
				"neck": {
					"rotation": {
						"0.0": [12.5, 0, 0],
						"0.52": [0, 0, 0],
						"1.04": [12.5, 0, 0]
					}
				},
				"bb_main": {
					"rotation": {
						"0.0": [0, 0, -17.5],
						"0.52": [0, 0, 10],
						"1.04": [0, 0, -17.5]
					}
				},
				"head": {
					"rotation": {
						"0.0": [-5, 0, 0],
						"0.52": [5, 0, 0],
						"1.04": [-5, 0, 0]
					}
				},
				"jaw": {
					"rotation": {
						"0.0": [15, 0, 0],
						"0.52": [0, 0, 0],
						"1.04": [15, 0, 0]
					}
				}
			}
		}
	}
}