{
	"format_version": "1.8.0",
	"animations": {
		"animation.lemur.walk": {
			"loop": true,
			"animation_length": 1.04,
			"bones": {
				"arm1": {
					"rotation": {
						"0.0": [27.5, 0, 0],
						"0.52": [-10, 0, 0],
						"1.04": [27.5, 0, 0]
					}
				},
				"arm2": {
					"rotation": {
						"0.0": [-15, 0, 0],
						"0.52": [27.5, 0, 0],
						"1.04": [-15, 0, 0]
					}
				},
				"leg1": {
					"rotation": {
						"0.0": [27.5, 0, 0],
						"0.52": [-15, 0, 0],
						"1.04": [27.5, 0, 0]
					}
				},
				"leg2": {
					"rotation": {
						"0.0": [-15, 0, 0],
						"0.52": [22.5, 0, 0],
						"1.04": [-15, 0, 0]
					}
				},
				"tail": {
					"rotation": {
						"0.0": [0, -22.5, -22.5],
						"0.52": [0, 27.5, 22.5],
						"1.04": [0, -22.5, -22.5]
					}
				}
			}
		}
	}
}