{
  "format_version": "1.10.0",
  "minecraft:client_entity": {
    "description": {
      "identifier": "fmods:blue_heron",
      "materials": { "default": "bat" },
      "textures": {
        "default": "textures/entity/blue_heron/blue_heron"
      },
      "geometry": {
        "default": "geometry.heron"
      },

      "animations": {
        "setup": "animation.blue.setup",
        "attack": "animation.blue.attack",
        "wolf_look_at": "animation.common.look_at_target",
        "move": "animation.blue.move",
        "fly": "animation.blue.flying"
      },
      "scripts": {
        "pre_animation": ["variable.keyyard = !query.is_on_ground;"],
        "animate": [
          "setup",
          "general",
          { "move": "query.modified_move_speed" },
          { "attack": "query.is_delayed_attacking" },
          { "fly": "v.keyyard || !query.is_on_ground" },
          "look_at_target"
        ]
      },
      "render_controllers": ["controller.render.wc"],
      "spawn_egg": {
        "base_color": "#ff3f2200",
        "overlay_color": "#ff3f2200"
      }
    }
  }
}
