{
	"format_version": "1.8.0",
	"animations": {
		"animation.elephant.setup": {
			"loop": true,
			"animation_length": 1.04,
			"bones": {
				"head": {
					"rotation": {
						"0.0": [5, 0, 0],
						"0.52": [-2.5, 0, 0],
						"1.0": [5, 0, 0]
					}
				},
				"trunk": {
					"rotation": {
						"0.0": [7.5, 0, 0],
						"0.52": [5, 0, 0],
						"1.0": [7.5, 0, 0]
					}
				},
				"trunk2": {
					"rotation": {
						"0.0": [7.5, 0, 0],
						"0.52": [5, 0, 0],
						"1.0": [7.5, 0, 0]
					}
				},
				"trunk3": {
					"rotation": {
						"0.0": [7.5, 0, 0],
						"0.52": [5, 0, 0],
						"1.0": [7.5, 0, 0]
					}
				},
				"ear2": {
					"rotation": {
						"0.0": [0, 10, 0],
						"0.52": [0, -10, 0],
						"1.0": [0, 10, 0]
					}
				},
				"ear1": {
					"rotation": {
						"0.0": [0, -5, 0],
						"0.52": [0, 17.5, 0],
						"1.0": [0, -5, 0]
					}
				},
				"tail": {
					"rotation": {
						"0.0": [0, 0, -12.5],
						"0.52": [0, 0, 17.5],
						"1.0": [0, 0, -12.5]
					}
				}
			}
		}
	}
}