{
  "format_version": "1.8.0",
  "minecraft:client_entity": {
    "description": {
      "identifier": "fmods:white_shark",
      "materials": { "default": "bat" },
      "textures": {
        "default": "textures/entity/white_shark/shark"
      }, 
      "geometry": {
        "default": "geometry.shark"
      },
     "animations": {
        "swim": "animation.shark.swim"
      },
      "animation_controllers": [
        {
          "general": "controller.animation.fish.general"
        }
      ], 
      "render_controllers": [ "controller.render.wc" ],
      "spawn_egg": {
         "base_color": "#ff444444",
        "overlay_color": "#ff444444"
      }
    }
  }
}
