{
	"format_version": "1.8.0",
	"animations": {
		"animation.kudum.move": {
			"loop": true,
			"animation_length": 1.04,
			"bones": {
				"bone": {
					"rotation": {
						"0.0": [0, 0, -2.5],
						"0.52": [0, 0, 2.5],
						"1.04": [0, 0, -2.5]
					}
				},
				"bone3": {
					"rotation": {
						"0.0": [0, 0, -7.5],
						"0.52": [0, 0, 2.5],
						"1.04": [0, 0, -7.5]
					}
				},
				"bone5": {
					"rotation": {
						"0.0": [37.5, 0, 0],
						"0.52": [-20, 0, 0],
						"1.04": [37.5, 0, 0]
					}
				},
				"bone6": {
					"rotation": {
						"0.0": [-35, 0, 0],
						"0.52": [22.5, 0, 0],
						"1.04": [-35, 0, 0]
					}
				},
				"bone7": {
					"rotation": {
						"0.0": [25, 0, 0],
						"0.52": [-50, 0, 0],
						"1.04": [25, 0, 0]
					}
				},
				"bone8": {
					"rotation": {
						"0.0": [-20, 0, 0],
						"0.52": [45, 0, 0],
						"1.04": [-20, 0, 0]
					}
				}
			}
		}
	}
}