{
  "format_version": "1.10.0",
  "minecraft:client_entity": {
    "description": {
      "identifier": "fmods:giraffe",
      "materials": { "default": "bat" },
      "textures": {
        "default": "textures/entity/giraffe/giraffe"
      },
      "geometry": {
        "default": "geometry.giraffe"
      },
      
  "animations": {
        "setup": "animation.giraffe.setup",
        "attack": "animation.giraffe.attack",
        "wolf_look_at": "animation.common.look_at_target",
	"move": "animation.giraffe.move"
      },
      "scripts": {
        "animate": [
            "setup",
           "general",
          { "move": "query.modified_move_speed" },
		  {"attack" : "query.is_delayed_attacking"},
          "look_at_target"
        ]
      },
      "render_controllers": [ "controller.render.wc" ],
      "spawn_egg": {
         "base_color": "#ffffa400",
        "overlay_color": "#ffb67900"
      }
    }
  }
}
