{
	"format_version": "1.8.0",
	"animations": {
		"animation.grizzly.attack": {
			"animation_length": 1.6,
			"bones": {
				"bone": {
					"rotation": {
						"0.0": [0, 0, 0],
						"0.52": [-57.5, 0, 0],
						"1.16": [-57.5, 0, 0],
						"1.6": [0, 0, 0]
					}
				},
				"bone2": {
					"rotation": {
						"0.0": [-2.5, 0, 0],
						"0.52": [57.5, 0, 0],
						"0.68": [35, 37.5, -50],
						"0.84": [7.5, 0, 27.5],
						"0.96": [57.5, 0, 0],
						"1.16": [57.5, 0, 0],
						"1.6": [-2.5, 0, 0]
					}
				},
				"bone3": {
					"rotation": {
						"0.0": [0, 0, 0],
						"0.52": [60, 0, 0],
						"1.16": [60, 0, 0],
						"1.6": [0, 0, 0]
					}
				},
				"bone6": {
					"rotation": {
						"0.0": [0, 0, 0],
						"1.6": [0, 0, 0]
					},
					"position": {
						"0.0": [0, 0, 0],
						"0.52": [0, -1, 0],
						"1.16": [0, -1, 0],
						"1.6": [0, 0, 0]
					}
				},
				"bone8": {
					"rotation": {
						"0.0": [0, 0, 0],
						"0.52": [57.5, 0, 0],
						"1.16": [57.5, 0, 0],
						"1.6": [0, 0, 0]
					},
					"position": {
						"0.0": [0, 1, 0],
						"0.52": [0, 5, 2],
						"1.16": [0, 5, 2],
						"1.6": [0, 1, 0]
					}
				}
			}
		}
	}
}