{
	"format_version": "1.8.0",
	"animations": {
		"animation.grizzly.move": {
			"loop": true,
			"animation_length": 1.04,
			"bones": {
				"bone": {
					"rotation": {
						"0.0": [0, 0, -5],
						"0.52": [0, 0, 5],
						"1.04": [0, 0, -5]
					}
				},
				"bone2": {
					"rotation": {
						"0.0": [-32.5, 0, 0],
						"0.52": [57.5, 0, 0],
						"1.04": [-32.5, 0, 0]
					}
				},
				"bone3": {
					"rotation": {
						"0.0": [50, 0, 0],
						"0.52": [-30, 0, 0],
						"1.04": [50, 0, 0]
					}
				},
				"bone4": {
					"rotation": {
						"0.0": [60, 0, 0],
						"0.52": [-27.5, 0, 0],
						"1.04": [60, 0, 0]
					}
				},
				"bone5": {
					"rotation": {
						"0.0": [-32.5, 0, 0],
						"0.52": [47.5, 0, 0],
						"1.04": [-32.5, 0, 0]
					}
				},
				"bone7": {
					"rotation": {
						"0.0": [30, 0, 0],
						"0.52": [15, 0, 0],
						"1.04": [30, 0, 0]
					}
				},
				"bone8": {
					"rotation": {
						"0.0": [10, 0, 0],
						"0.52": [-5, 0, 0],
						"1.04": [10, 0, 0]
					}
				}
			}
		}
	}
}