{
	"format_version": "1.8.0",
	"animations": {
		"animation.blue.setup": {
			"loop": true,
			"animation_length": 31.76,
			"bones": {
				"unknown_bone": {
					"position": [0, 2, 0]
				},
				"bone": {
					"rotation": {
						"2.08": [0, 0, 0],
						"5.12": [0, 0, 0],
						"5.72": [-5, -17.5, 0],
						"5.96": [5, -30, 0],
						"7.16": [5, -30, 0],
						"7.84": [0, 0, 0]
					}
				},
				"bone2": {
					"rotation": {
						"2.08": [0, 0, 0],
						"5.12": [0, 0, 0],
						"7.16": [0, 0, 0]
					}
				},
				"bone10": {
					"rotation": {
						"0.0": [0, 0, 0],
						"0.36": [0, -4.34, 0],
						"1.72": [0, 22.5, 0],
						"3.04": [0, -5, 0],
						"3.8": [0, 2.5, 0]
					}
				},
				"bone11": {
					"rotation": {
						"0.0": [0, 0, 0],
						"1.48": [0, 25, 0],
						"2.88": [0, -67.5, 0],
						"3.8": [0, 0, 0],
						"5.96": [-2.5, 0, 0],
						"6.16": [-60, 0, 0],
						"6.56": [-75, 0, 0],
						"7.6": [5, 0, 0],
						"7.84": [2.5, 0, 0],
						"31.76": [2.5, 0, 0]
					}
				}
			}
		}
	}
}