{
  "format_version": "1.10.0",
  "minecraft:client_entity": {
    "description": {
      "identifier": "fmods:gorilla",
      "materials": { "default": "bat" },
      "textures": {
        "default": "textures/entity/gorilla/gorilla"
      },
      "geometry": {
        "default": "geometry.gorilla"
      },
      
  "animations": {
        "setup": "animation.gorilla.setup",
        "attack": "animation.gorilla.attack",
        "wolf_look_at": "animation.common.look_at_target",
	"move": "animation.gorilla.move"
      },
      "scripts": {
        "animate": [
            "setup",
           "general",
          { "move": "query.modified_move_speed" },
		  {"attack" : "query.is_delayed_attacking"},
          "look_at_target"
        ]
      },
      "render_controllers": [ "controller.render.wc" ],
      "spawn_egg": {
         "base_color": "#ff3f2200",
        "overlay_color": "#ff3f2200"
      }
    }
  }
}
