{
  "format_version": "1.10.0",
  "minecraft:client_entity": {
    "description": {
      "identifier": "fmods:rhino",
      "materials": { "default": "bat" },
      "textures": {
        "default": "textures/entity/rhino/rhino"
      },
      "geometry": {
        "default": "geometry.rhino"
      },
      
  "animations": {                                "setup": "animation.rhino.setup",
        "attack": "animation.rhino.attack",
        "wolf_look_at": "animation.common.look_at_target",
	"move": "animation.wc.move"
      },
      "scripts": {
        "animate": [                                "setup",
           "general",
          { "move": "query.modified_move_speed" },
		  {"attack" : "query.is_delayed_attacking"},
          "look_at_target"
        ]
      },
      "render_controllers": [ "controller.render.wc" ],
      "spawn_egg": {
         "base_color": "#ff888888",
        "overlay_color": "#ff5c5e64"
      }
    }
  }
}
