{
  "format_version": "1.10.0",
  "minecraft:client_entity": {
    "description": {
      "identifier": "fmods:crocodile",
      "materials": { "default": "bat" },
      "textures": {
        "default": "textures/entity/crocodile/crocodile"
      },
      "geometry": {
        "default": "geometry.nile"
      }, 
      "animations": {
        "attack": "animation.crocodile.attack",
        "setup": "animation.crocodile.setup",
	"wolf_look_at": "animation.common.look_at_target",
		"swim": "animation.crocodile.swim",
		"move": "animation.crocodile.move"
		},
      "scripts": {
        "animate": [                              "setup",
          "general",
          { "move": "query.modified_move_speed" },
          "default_pose",
          "look_at_target",
		  {"attack" : "query.is_delayed_attacking"},                           "look_at_target",
		  {"swim" : "query.is_in_water"},
	      {"sit" : "query.is_sitting"},
          {"repose":"query.is_laying_down"} ,
          { "baby_transform": "query.is_baby" }
				], 
				"pre_animation": [
					"variable.attack = Math.sin(variable.attack_time * 30.0);"
				]
      },
      "render_controllers": [ "controller.render.wc" ],
      "spawn_egg": {
         "base_color": "#ffcccccc",
        "overlay_color": "#ffcccccc"
      }
    }
  }
}
