{"format_version":"1.14.0","minecraft:entity":{"component_groups":{"scale_large":{"minecraft:behavior.melee_attack":{"priority":1,"speed_multiplier":1,"track_target":true},"minecraft:behavior.nearest_attackable_target":{"entity_types":[{"filters":{"any_of":[{"subject":"other","test":"is_family","value":"mob"},{"subject":"other","test":"is_family","value":"player"},{"subject":"other","test":"is_family","value":"fish"}]},"max_dist":10}],"must_reach":true,"priority":9},"minecraft:health":{"max":80,"value":80},"minecraft:loot":{"table":"loot_tables/entities/white_shark.json"},"minecraft:scale":{"value":1.7}},"scale_normal":{"minecraft:behavior.melee_attack":{"priority":1,"speed_multiplier":1,"track_target":true},"minecraft:behavior.nearest_attackable_target":{"entity_types":[{"filters":{"any_of":[{"subject":"other","test":"is_family","value":"mob"},{"subject":"other","test":"is_family","value":"player"},{"subject":"other","test":"is_family","value":"fish"}]},"max_dist":10}],"must_reach":true,"priority":9},"minecraft:health":{"max":60,"value":60},"minecraft:loot":{"table":"loot_tables/entities/white_shark.json"},"minecraft:scale":{"value":1.7}},"scale_small":{"minecraft:behavior.nearest_attackable_target":{"entity_types":[{"filters":{"any_of":[{"subject":"other","test":"is_family","value":"mob"},{"subject":"other","test":"is_family","value":"player"},{"subject":"other","test":"is_family","value":"fish"}]},"max_dist":10}],"must_reach":true,"priority":9},"minecraft:health":{"max":50,"value":50},"minecraft:loot":{"table":"loot_tables/entities/white_shark.json"},"minecraft:scale":{"value":1.7},"minecraft:type_family":{"family":["fish"]}}},"components":{"minecraft:attack":{"damage":12},"minecraft:behavior.hurt_by_target":{"priority":1},"minecraft:behavior.random_swim":{"interval":0,"priority":2,"speed_multiplier":1,"xz_dist":16,"y_dist":4},"minecraft:behavior.swim_wander":{"interval":10,"look_ahead":2,"priority":4,"speed_multiplier":1},"minecraft:breathable":{"breathesAir":false,"breathesWater":true,"suffocateTime":0,"totalSupply":15},"minecraft:collision_box":{"height":0.7,"width":0.7},"minecraft:health":{"max":90,"value":90},"minecraft:loot":{"table":"loot_tables/entities/white_shark.json"},"minecraft:movement":{"value":0.2},"minecraft:movement.sway":{"sway_amplitude":0},"minecraft:nameable":{},"minecraft:navigation.generic":{"can_breach":false,"can_path_over_water":false,"can_sink":false,"can_swim":true,"can_walk":false,"is_amphibious":false},"minecraft:physics":{"has_gravity":true},"minecraft:type_family":{"family":["white_shark"]},"minecraft:underwater_movement":{"value":0.1}},"description":{"identifier":"fmods:white_shark","is_experimental":false,"is_spawnable":true,"is_summonable":true,"runtime_identifier":"minecraft:salmon"},"events":{"minecraft:entity_spawned":{"randomize":[{"add":{"component_groups":["adult","scale_small"]},"weight":30},{"add":{"component_groups":["adult","scale_normal"]},"weight":50},{"add":{"component_groups":["adult","scale_large"]},"weight":15}]}}}}