{
	"format_version": "1.8.0",
	"animations": {
		"animation.bison.move": {
			"loop": true,
			"animation_length": 1.04,
			"bones": {
				"Body": {
					"rotation": {
						"0.0": [0, 0, 2.5],
						"0.52": [0, 0, -2.5],
						"1.04": [0, 0, 2.5]
					}
				},
				"Tail": {
					"rotation": [0, 0, -2.5]
				},
				"Leg1": {
					"rotation": {
						"0.0": [-15, 0, 0],
						"0.52": [12.5, 0, 0],
						"1.04": [-15, 0, 0]
					}
				},
				"Leg2": {
					"rotation": {
						"0.0": [15, 0, 0],
						"0.52": [-22.5, 0, 0],
						"1.04": [15, 0, 0]
					}
				},
				"Leg3": {
					"rotation": {
						"0.0": [-27.5, 0, 0],
						"0.52": [15, 0, 0],
						"1.04": [-27.5, 0, 0]
					}
				},
				"Leg4": {
					"rotation": {
						"0.0": [15, 0, 0],
						"0.52": [-17.5, 0, 0],
						"1.04": [15, 0, 0]
					}
				}
			}
		}
	}
}