{
	"format_version": "1.8.0",
	"animations": {
		"animation.gorilla.move": {
			"loop": true,
			"animation_length": 0.84,
			"bones": {
				"body": {
					"rotation": {
						"0.0": [20, 0, 0],
						"0.28": [17.5, 0, 0],
						"0.44": [15, 0, 0],
						"0.64": [27.5, 0, 0],
						"0.84": [20, 0, 0]
					}
				},
				"leg": {
					"rotation": {
						"0.0": [92.5, 0, 0],
						"0.2": [15, 0, 0],
						"0.4": [0, 0, 0],
						"0.6": [17.5, 0, 0],
						"0.84": [92.5, 0, 0]
					}
				},
				"calves": {
					"rotation": {
						"0.0": [-52.5, 0, 0],
						"0.2": [5, 0, 0],
						"0.4": [-55, 0, 0],
						"0.6": [-60, 0, 0],
						"0.84": [-52.5, 0, 0]
					}
				},
				"feet": {
					"rotation": {
						"0.48": [-2.5, 0, 0],
						"0.6": [27.5, 0, 0]
					}
				},
				"leg2": {
					"rotation": {
						"0.0": [92.5, 0, 0],
						"0.2": [15, 0, 0],
						"0.4": [0, 0, 0],
						"0.6": [17.5, 0, 0],
						"0.84": [92.5, 0, 0]
					}
				},
				"calves2": {
					"rotation": {
						"0.0": [-52.5, 0, 0],
						"0.2": [5, 0, 0],
						"0.4": [-55, 0, 0],
						"0.6": [-60, 0, 0],
						"0.84": [-52.5, 0, 0]
					}
				},
				"feet2": {
					"rotation": {
						"0.48": [-2.5, 0, 0],
						"0.6": [27.5, 0, 0]
					}
				},
				"arm": {
					"rotation": {
						"0.0": [10, 0, 0],
						"0.2": [0, 0, 0],
						"0.4": [-45, 0, 0],
						"0.6": [-25, 0, 0],
						"0.84": [10, 0, 0]
					},
					"position": {
						"0.0": [0, 0, 0],
						"0.2": [0, 2, 0],
						"0.4": [0, 2, 2],
						"0.6": [0, 1, 1],
						"0.84": [0, 0, 0]
					}
				},
				"hand": {
					"rotation": {
						"0.0": [5, 0, 0],
						"0.24": [20, 0, 0],
						"0.4": [-2.5, 0, 0],
						"0.52": [12.5, 0, 0],
						"0.72": [25, 0, 0],
						"0.84": [5, 0, 0]
					}
				},
				"arm2": {
					"rotation": {
						"0.0": [10, 0, 0],
						"0.2": [0, 0, 0],
						"0.4": [-45, 0, 0],
						"0.6": [-25, 0, 0],
						"0.84": [10, 0, 0]
					},
					"position": {
						"0.0": [0, 0, 0],
						"0.2": [0, 2, 0],
						"0.4": [0, 2, 2],
						"0.6": [0, 1, 1],
						"0.84": [0, 0, 0]
					}
				},
				"hand2": {
					"rotation": {
						"0.0": [5, 0, 0],
						"0.24": [20, 0, 0],
						"0.4": [-2.5, 0, 0],
						"0.52": [12.5, 0, 0],
						"0.72": [25, 0, 0],
						"0.84": [5, 0, 0]
					}
				},
				"head": {
					"rotation": [-7.5, 0, 0]
				}
			}
		}
	}
}