{
	"format_version": "1.8.0",
	"animations": {
		"animation.lion.move": {
			"loop": true,
			"animation_length": 1.04,
			"bones": {
				"bone": {
					"rotation": [2.5, 0, 0]
				},
				"bone2": {
					"rotation": {
						"0.0": [0, 0, -2.5],
						"0.52": [0, 0, 2.5],
						"1.04": [0, 0, -2.5]
					}
				},
				"bone5": {
					"rotation": {
						"0.0": [-35, 0, 0],
						"0.52": [35, 0, 0],
						"1.04": [-35, 0, 0]
					}
				},
				"bone6": {
					"rotation": {
						"0.0": [32.5, 0, 0],
						"0.52": [-35, 0, 0],
						"1.04": [32.5, 0, 0]
					}
				},
				"bone7": {
					"rotation": {
						"0.0": [-27.5, 0, 0],
						"0.52": [42.5, 0, 0],
						"1.04": [-27.5, 0, 0]
					}
				},
				"bone8": {
					"rotation": {
						"0.0": [35, 0, 0],
						"0.52": [-45, 0, 0],
						"1.04": [35, 0, 0]
					}
				}
			}
		}
	}
}