{
	"format_version": "1.8.0",
	"animations": {
		"animation.lion.attack": {
			"animation_length": 0.72,
			"bones": {
				"bb_main": {
					"rotation": [0, 0, 0],
					"position": {
						"0.0": [0, 2, 1],
						"0.68": [0, -9, -8]
					}
				},
				"bone": {
					"rotation": {
						"0.0": [0, 0, 0],
						"0.68": [15, 0, 0]
					},
					"position": {
						"0.0": [0, 1, 0],
						"0.68": [0, -10, 0]
					}
				},
				"bone2": {
					"rotation": [0, 0, 0]
				},
				"bone5": {
					"rotation": {
						"0.0": [0, 0, 0],
						"0.44": [-24.33, 0, 40],
						"0.68": [-57.5, 0, 0]
					}
				},
				"bone6": {
					"rotation": {
						"0.0": [0, 0, 0],
						"0.44": [-23.27, 0, -37.5],
						"0.68": [-55, 0, 0]
					}
				},
				"bone7": {
					"rotation": {
						"0.0": [0, 0, 0],
						"0.68": [-17.5, 0, 0]
					},
					"position": [0, 0, 0]
				},
				"bone8": {
					"rotation": {
						"0.0": [0, 0, 0],
						"0.68": [-17.5, 0, 0]
					}
				}
			}
		}
	}
}