{
	"format_version" : "1.10.0",
	"animation_controllers" : {
		"controller.animation.lc.setup" : {
			"initial_state" : "default",
			"states" : {
				"default" : {
					"animations" : [ "setup" 					]
				}
			},
				"sit" : {
					"animations" : [ "sit" ],
					"blend_transition" : 0.2,
					"transitions" : [
						{
							"default" : "!query.is_sitting"
						}
					]
				},
				"sleep" : {
					"animations" : [ "sleep" ],
					"blend_transition" : 0.2,
					"transitions" : [
						{
							"default" : "!query.is_sleeping"
						}
					]
		},
		"controller.animation.lc.move" : {
			"initial_state" : "default",
			"states" : {
				"default" : {
					"animations" : [
						"setup",
						{
							"walk" : "query.modified_move_speed"
						},
						"look_at_target"
					]
				}
			}
		}
	}
}
