{
  "format_version": "1.10.0",
  "animation_controllers": {
    "controller.animation.wc.look_at_target" : {
			"initial_state" : "default",
			"states" : {
				"default" : {
					"animations" : [ "look_at_target" ]
				}
			}
		},
		"controller.animation.wc.move" : {
			"initial_state" : "walking",
			"states" : {
				"walking" : {
					"animations" : [ { "move"  } ],
					"transitions" : [
						{
							"grazing" : "query.is_grazing" 
						},
						{
							"attacking" : "query.is_delayed_attacking"
						}
					]
				},
				"grazing" : {
					"animations" : [ "grazing" ],
					"transitions" : [
						{
							"default" : "query.all_animations_finished"
						}
					]
				},
				"attack" : {
					"animations" : [ "attack" ],
          "blend_transition" : 0.1,
          "blend_via_shortest_path" : true,
					"transitions" : [
						{
							"walking" : "!query.is_delayed_attacking"
						}
					]
				}
			}
		}
  }
}