{
	"format_version": "1.8.0",
	"animations": {
		"animation.crocodile.swim": {
			"loop": true,
			"animation_length": 0.685,
			"bones": {
				"all": {
					"rotation": {
						"0.0": [0, 7.5, 0],
						"0.32": [0, -7.5, 0],
						"0.68": [0, 7.5, 0]
					},
					"position": [0, 1, 0]
				},
				"bone11": {
					"rotation": [-87.5, 0, 0]
				},
				"bone10": {
					"rotation": [-87.5, 0, 0]
				},
				"bone9": {
					"rotation": [-87.5, 0, 0]
				},
				"head": {
					"rotation": {
						"0.0": [0, -9, 0],
						"0.32": [0, -2, 0],
						"0.68": [0, -9, 0]
					}
				},
				"jaw": {
					"rotation": [17.5, 0, 0]
				},
				"tail1": {
					"rotation": {
						"0.0": [0, 7.5, 0],
						"0.32": [0, -17.5, 0],
						"0.68": [0, 7.5, 0]
					}
				},
				"tail2": {
					"rotation": {
						"0.0": [0, 7.5, 0],
						"0.32": [0, -17.5, 0],
						"0.68": [0, 7.5, 0]
					}
				},
				"tail3": {
					"rotation": {
						"0.0": [0, 5, 0],
						"0.32": [0, -17.5, 0],
						"0.68": [0, 5, 0]
					}
				},
				"tail4": {
					"rotation": {
						"0.0": [0, 12.5, 0],
						"0.32": [0, -12.5, 0],
						"0.68": [0, 12.5, 0]
					}
				},
				"tail5": {
					"rotation": {
						"0.0": [0, 5, 0],
						"0.32": [0, -12.5, 0],
						"0.68": [0, 5, 0]
					}
				},
				"bone8": {
					"rotation": [-87.5, 0, 0]
				}
			}
		}
	}
}