{
	"format_version": "1.8.0",
	"animations": {
		"animation.crocodile.attack": {
			"animation_length": 1.2,
			"bones": {
				"all": {
					"rotation": {
						"0.0": [0, 0, 0],
						"0.24": [-2.5, 0, 0],
						"0.52": [7.5, 0, 0],
						"0.8": [0, 0, 0]
					}
				},
				"body": {
					"rotation": {
						"0.0": [0, 0, 0],
						"0.72": [0, 0, 0]
					}
				},
				"head": {
					"rotation": {
						"0.0": [0, 0, 0],
						"0.24": [-12.5, 0, 0],
						"0.52": [22.5, 0, 0],
						"0.72": [7.5, 0, 0],
						"0.84": [0, 0, 0]
					}
				},
				"jaw": {
					"rotation": {
						"0.0": [20, 0, 0],
						"0.28": [30, 0, 0],
						"0.52": [-20, 0, 0],
						"0.72": [27.5, 0, 0]
					}
				}
			}
		}
	}
}