{
	"format_version": "1.8.0",
	"animations": {
		"animation.crocodile.move": {
			"loop": true,
			"animation_length": 1.04,
			"bones": {
				"body": {
					"rotation": [0, 0, 0]
				},
				"tail1": {
					"rotation": {
						"0.0": [0, 7.5, 0],
						"0.52": [0, -17.5, 0],
						"1.04": [0, 7.5, 0]
					}
				},
				"tail2": {
					"rotation": {
						"0.0": [0, 7.5, 0],
						"0.52": [0, -17.5, 0],
						"1.04": [0, 7.5, 0]
					}
				},
				"tail3": {
					"rotation": {
						"0.0": [0, 5, 0],
						"0.52": [0, -17.5, 0],
						"1.04": [0, 5, 0]
					}
				},
				"tail4": {
					"rotation": {
						"0.0": [0, 12.5, 0],
						"0.52": [0, -12.5, 0],
						"1.04": [0, 12.5, 0]
					}
				},
				"tail5": {
					"rotation": {
						"0.0": [0, 5, 0],
						"0.52": [0, -12.5, 0],
						"1.04": [0, 5, 0]
					}
				},
				"bone8": {
					"rotation": {
						"0.0": [0, 17.5, 0],
						"0.52": [0, -17.5, 0],
						"1.04": [0, 17.5, 0]
					}
				},
				"bone9": {
					"rotation": {
						"0.0": [0, 22.5, 0],
						"0.52": [0, -7.5, 0],
						"1.04": [0, 22.5, 0]
					}
				},
				"bone10": {
					"rotation": {
						"0.0": [0, -17.5, 0],
						"0.52": [0, 7.5, 0],
						"1.04": [0, -17.5, 0]
					}
				},
				"bone11": {
					"rotation": {
						"0.0": [0, -25, 0],
						"0.52": [0, 20, 0],
						"1.04": [0, -25, 0]
					}
				},
				"jaw": {
					"rotation": {
						"0.0": [20, 0, 0],
						"1.04": [20, 0, 0]
					}
				},
				"all": {
					"rotation": {
						"0.0": [0, 2.5, 0],
						"0.52": [0, 0, 0],
						"1.04": [0, 2.5, 0]
					}
				}
			}
		}
	}
}