{
  "format_version": "1.10.0",
  "minecraft:client_entity": {
    "description": {
      "identifier": "fmods:turtle",
      "materials": { "default": "bat" },
      "textures": {
        "default": "textures/entity/turtle/turtle"
      },
      "geometry": {
        "default": "geometry.turtler"
      }, 
      "animations": {
        "default_pose": "animation.turtle.default_pose",
        "attack": "animation.turtle.attack",
        "sit": "animation.turtle.sit",
        "idle": "animation.Turtle.hiding",
	"look_at_target": "animation.common.look_at_target",
		"swim": "animation.turtle.swim",
		"move": "animation.turtle.move"
		},
      "scripts": {
        "animate": [
          "general",
          { "move": "query.modified_move_speed" },
          "default_pose",
          "look_at_target",
		  {"attack" : "query.is_delayed_attacking"},
		  {"swim" : "query.is_in_water"},
	      {"sit" : "query.is_sitting"},
          {"repose":"query.is_laying_down"} ,
          { "baby_transform": "query.is_baby" }
				], 
				"pre_animation": [
					"variable.attack = Math.sin(variable.attack_time * 30.0);"
				]
      },
      "render_controllers": [ "controller.render.wc" ],
      "spawn_egg": {
         "base_color": "#ff92cc00",
        "overlay_color": "#ff5e7e00"
      }
    }
  }
}
