{
    "hippo": {
		"category": "neutral",
		"sounds": [
			{
				"name": "sounds/wc/hippo/hippo",
				"volume": 0.8            			}
		]
	},
    "otter": {
		"category": "neutral",
		"sounds": [
			{
				"name": "sounds/wc/otter/otter",
				"volume": 0.8
		    }
		]                                	},
    "coati": {
		"category": "neutral",
		"sounds": [
			{
				"name": "sounds/wc/coati/coati",
				"volume": 0.8
		    }
		]                                	},
    "grizzly": {
		"category": "neutral",
		"sounds": [
			{
				"name": "sounds/wc/grizzly/grizzly",
				"volume": 0.8
		    }
		]                      
	},
    "gorilla": {
		"category": "neutral",
		"sounds": [
			{
				"name": "sounds/wc/gorilla/gorilla",
				"volume": 0.8
			}
		]                               	},
    "bison": {
		"category": "neutral",
		"sounds": [
			{
				"name": "sounds/wc/bison/bison",
				"volume": 0.8
		    }
		]                 
	},
    "rhino": {
		"category": "neutral",
		"sounds": [
			{
				"name": "sounds/wc/rhino/rhino",
				"volume": 0.8
			}
		]                                	},
    "whale": {
		"category": "neutral",
		"sounds": [
			{
				"name": "sounds/wc/whale/whale",
				"volume": 0.8
		    }
		]                                	},
    "cougar": {
		"category": "neutral",
		"sounds": [
			{
				"name": "sounds/wc/cougar/cougar",
				"volume": 0.8
		    }
		]                     
	},         
    "raccon": {
		"category": "neutral",
		"sounds": [
			{
				"name": "sounds/wc/raccon/raccon",
				"volume": 0.8
			}
		]                               	},
    "ox": {
		"category": "neutral",
		"sounds": [
			{
				"name": "sounds/wc/ox/ox",
				"volume": 0.8
		    }
		]                   
	},
    "elephant": {
		"category": "neutral",
		"sounds": [
			{
				"name": "sounds/wc/elephant/elephant",
				"volume": 0.8            			}
		]                               	},
    "indian": {
		"category": "neutral",
		"sounds": [
			{
				"name": "sounds/wc/indian/rhino",
				"volume": 0.8
		    }
		]                              	},
    "owl": {
		"category": "neutral",
		"sounds": [
			{
				"name": "sounds/wc/owl/owl",
				"volume": 0.8
		    }
		]                              	},
    "monke": {
		"category": "neutral",
		"sounds": [
			{
				"name": "sounds/wc/monke/monke",
				"volume": 0.8
		    }
		]                              
	},
    "hyena": {
		"category": "neutral",
		"sounds": [
			{
				"name": "sounds/wc/hyena/hyena",
				"volume": 0.8
			}
		]                               	},
    "cheetah": {
		"category": "neutral",
		"sounds": [
			{
				"name": "sounds/wc/cheetah/cheetah",
				"volume": 0.8
		    }
		]                              	},
    "lion": {
		"category": "neutral",
		"sounds": [
			{
				"name": "sounds/wc/lion/lion",
				"volume": 0.8
		    }
		]                              	},
    "lioness": {
		"category": "neutral",
		"sounds": [
			{
				"name": "sounds/wc/lioness/lioness",
				"volume": 0.8
		    }
		]                                        
	},
    "black_bear": {
		"category": "neutral",
		"sounds": [
			{
				"name": "sounds/wc/black_bear/black_bear",
				"volume": 0.8
			}
		]                               	},
    "crocodile": {
		"category": "neutral",
		"sounds": [
			{
				"name": "sounds/wc/crocodile/crocodile",
				"volume": 0.8
		    }
		]               
	},
    "deer": {
		"category": "neutral",
		"sounds": [
			{
				"name": "sounds/wc/deer/deer",
				"volume": 0.8
      }
    ]
  }
}