{
	"format_version": "1.8.0",
	"animations": {
		"animation.rhino.attack": {
			"animation_length": 0.388,
			"bones": {
				"body": {
					"rotation": {
						"0.0": [0, 0, 0],
						"0.4": [-15, 0, 0]
					}
				},
				"leg1": {
					"rotation": {
						"0.0": [0, 0, 0],
						"0.4": [-15, 0, 0]
					},
					"position": {
						"0.0": [0, -3, 10],
						"0.4": [0, 11, 10]
					}
				},
				"leg3": {
					"rotation": {
						"0.0": [0, 0, 0],
						"0.4": [-12.5, 0, 0]
					},
					"position": {
						"0.0": [-5, -1, 0],
						"0.4": [-5, 16, 0]
					}
				},
				"head": {
					"rotation": {
						"0.0": [0, 0, 0],
						"0.4": [-37.5, 0, 0]
					},
					"position": {
						"0.0": [0, -1, 0],
						"0.4": [0, 24, 12]
					}
				}
			}
		}
	}
}