{
  "format_version": "1.8.0",
  "minecraft:entity": {
    "description": {
      "identifier": "fmods:whale",
      "is_spawnable": true,
      "is_summonable": true,
      "is_experimental": false
    },
    "components": {
      "minecraft:type_family": {
        "family": []
      },
      "minecraft:collision_box": {
        "width": 1,
        "height": 1
      },
      "minecraft:health": {
        "value": 30
      },
      "minecraft:scale": {
        "value": 3.0
      },
      "minecraft:breathable": {
        "totalSupply": 20,
        "suffocateTime": 0,
        "breathesAir": false,
        "breathesWater": true,
        "generatesBubbles": true
      },
      "minecraft:movement": {
        "value": 0.1
      },
      "minecraft:underwater_movement": {
        "value": 0.1
      },
      "minecraft:navigation.generic": {
        "can_swim": true
      },
      "minecraft:physics": {},
      "minecraft:movement.sway": {
        "sway_amplitude": 0.0
      },
      "minecraft:behavior.swim_idle": {
        "priority": 5
      },
      "minecraft:behavior.random_swim": {
        "priority": 3,
        "speed_multiplier": 1.0,
        "xz_dist": 16,
        "y_dist": 4,
        "interval": 0
      },
      "minecraft:behavior.swim_wander": {
        "priority": 4,
        "speed_multiplier": 1.0,
        "interval": 10,
        "look_ahead": 2.0
      },
      "minecraft:experience_reward": {
        "on_death": "query.last_hit_by_player ? 10 : 0"
      },
      "minecraft:attack": {
        "damage": 10
      },
      "minecraft:behavior.float": {
        "priority": 2,
        "speed_multiplier": 1.0
      },
      "minecraft:fall_damage": {
        "value": 0.0
      }
    },
    "events": null,
    "component_groups": null
  }
}
