{
	"format_version": "1.8.0",
	"animations": {
		"animation.owl.flying": {
			"loop": true,
			"animation_length": 1.04,
			"bones": {
				"bb_main": {
					"rotation": [56, 0, 0],
					"position": {
						"0.0": [0, 0, 0],
						"0.52": [0, 6, 0],
						"1.0": [0, 0, 0]
					}
				},
				"bone": {
					"rotation": [33.75, 0, 0],
					"position": {
						"0.0": [0, 0, 0],
						"0.52": [0, 6, 0],
						"1.0": [0, 0, 0]
					}
				},
				"bone2": {
					"rotation": {
						"0.0": [-15, 62.5, 130],
						"0.52": [-27.5, 27.5, 47.5],
						"1.0": [-15, 62.5, 130]
					}
				},
				"bone4": {
					"rotation": {
						"0.0": [-17.5, -52.5, -120],
						"0.52": [-35, -27.5, -32.5],
						"1.0": [-17.5, -52.5, -120]
					}
				}
			}
		}
	}
}