{
	"format_version": "1.8.0",
	"animations": {
		"animation.owl.attack": {
			"animation_length": 1.04,
			"bones": {
				"bb_main": {
					"rotation": {
						"0.0": [15, 0, 0],
						"0.56": [-97.5, 0, 0],
						"0.8": [-30, 0, 0],
						"1.04": [42.5, 0, 0]
					},
					"position": {
						"0.0": [0, 0, -1],
						"0.56": [0, 0, -7],
						"0.8": [0, 0, -1]
					}
				},
				"bone": {
					"rotation": {
						"0.0": [0, 0, 0],
						"0.56": [-27.5, 0, 0],
						"0.8": [-2.5, 0, 0],
						"1.04": [15, 0, 0]
					},
					"position": {
						"0.0": [0, 0, -1],
						"0.56": [0, 0, -8],
						"0.8": [0, 0, -1]
					}
				},
				"bone2": {
					"rotation": {
						"0.0": [-25, -5, 135],
						"0.56": [0, 0, 102.5],
						"0.8": [0, 0, 37.5],
						"1.04": [7.5, 0, 17.5]
					}
				},
				"bone4": {
					"rotation": {
						"0.0": [0, 0, -132.5],
						"0.56": [0, 0, -85],
						"0.8": [0, 0, -42.5],
						"1.04": [15, 0, -25]
					}
				},
				"bone6": {
					"rotation": {
						"0.0": [7.5, 0, 0],
						"0.56": [45, 0, 0],
						"0.8": [15, 0, 0],
						"1.04": [2.5, 0, 0]
					}
				}
			}
		}
	}
}