{"format_version":"1.14.0","minecraft:entity":{"component_groups":{"minecraft:bear_adult":{"minecraft:breedable":{"breed_items":["fish","salmon","sweet_berries","honeycomb","rabbit","cooked_rabbit"],"breeds_with":{"baby_type":"fmods:black_bear","breed_event":{"event":"minecraft:entity_born","target":"baby"},"mate_type":"fmods:black_bear"},"require_tame":false},"minecraft:experience_reward":{"on_bred":"Math.Random(1,7)","on_death":"query.last_hit_by_player ? Math.Random(1,3) : 0"},"minecraft:loot":{"table":"loot_tables/entities/polar_bear.json"},"minecraft:scale":{"value":0.5}},"minecraft:bear_baby":{"minecraft:ageable":{"duration":1200,"feed_items":["fish","salmon","sweet_berries","honeycomb","rabbit","cooked_rabbit"],"grow_up":{"event":"minecraft:ageable_grow_up","target":"self"}},"minecraft:health":{"max":15,"value":15},"minecraft:is_baby":{},"minecraft:scale":{"value":0.3}},"minecraft:bear_wild":{"minecraft:behavior.nearest_attackable_target":{"attack_interval":10,"entity_types":[{"filters":{"any_of":[{"subject":"other","test":"is_family","value":"sheep"},{"subject":"other","test":"is_family","value":"wolf"},{"subject":"other","test":"is_family","value":"fox"},{"subject":"other","test":"is_family","value":"wandering_trader"},{"subject":"other","test":"is_family","value":"villager"},{"subject":"other","test":"is_family","value":"player"}]},"max_dist":6}],"must_see":true,"priority":2,"reselect_targets":true},"minecraft:on_target_acquired":{"event":"minecraft:become_angry","target":"self"},"minecraft:rideable":{"family_types":["zombike"],"seat_count":1,"seats":{"position":[0,0.675,-0.1]}}}},"components":{"minecraft:attack":{"damage":8},"minecraft:behavior.beg":{"items":["bone","porkchop","cooked_porkchop","chicken","cooked_chicken","beef","cooked_beef","rotten_flesh","muttonraw","muttoncooked","rabbit","cooked_rabbit"],"look_distance":8,"look_time":[2,4],"priority":9},"minecraft:behavior.delayed_attack":{"attack_duration":1.08,"hit_delay_pct":1.04,"speed_multiplier":1.1,"track_target":true},"minecraft:behavior.float":{"priority":0},"minecraft:behavior.hurt_by_target":{"priority":1},"minecraft:behavior.hurt_by_target":{"priority":3},"minecraft:behavior.look_at_player":{"priority":5,"probability":0.02,"target_distance":6},"minecraft:behavior.melee_attack":{"priority":5,"reach_multiplier":1,"target_dist":1.2,"track_target":true},"minecraft:behavior.mount_pathing":{"priority":1,"speed_multiplier":1.25,"target_dist":0,"track_target":true},"minecraft:behavior.random_stroll":{"priority":6,"speed_multiplier":1},"minecraft:behavior.stay_while_sitting":{"priority":3},"minecraft:breathable":{"suffocate_time":0,"total_supply":15},"minecraft:can_climb":{},"minecraft:collision_box":{"height":1,"width":1},"minecraft:damage_sensor":{"triggers":{"cause":"fall","deals_damage":false}},"minecraft:health":{"max":25,"value":25},"minecraft:horse.jump_strength":{"value":{"range_max":1.4,"range_min":0.8}},"minecraft:hurt_on_condition":{"damage_conditions":[{"cause":"lava","damage_per_tick":4,"filters":{"operator":"==","subject":"self","test":"in_lava","value":true}}]},"minecraft:jump.static":{},"minecraft:movement":{"value":0.3},"minecraft:movement.basic":{},"minecraft:nameable":{},"minecraft:navigation.walk":{"avoid_damage_blocks":true,"can_path_over_water":true},"minecraft:physics":{},"minecraft:pushable":{"is_pushable":true,"is_pushable_by_piston":true},"minecraft:type_family":{"family":["bear","mob"]}},"description":{"identifier":"fmods:black_bear","is_experimental":false,"is_spawnable":true,"is_summonable":true},"events":{"minecraft:ageable_grow_up":{"add":{"component_groups":["minecraft:bear_adult"]},"remove":{"component_groups":["minecraft:bear_baby"]}},"minecraft:ageable_set_baby":{"add":{"component_groups":["minecraft:bear_baby"]},"remove":{"component_groups":["minecraft:bear_adult"]}},"minecraft:bear_sit":{"add":{"component_groups":["minecraft:bear_sit"]}},"minecraft:bear_stand":{"add":{"component_groups":["minecraft:bear_normal"]},"remove":{"component_groups":["minecraft:bear_sit"]}},"minecraft:become_angry":{"add":{"component_groups":["minecraft:bear_angry"]},"remove":{"component_groups":["minecraft:bear_wild"]}},"minecraft:entity_born":{"add":{"component_groups":["minecraft:bear_baby","minecraft:bear_tame"]},"remove":{}},"minecraft:entity_spawned":{"randomize":[{"add":{"component_groups":["minecraft:bear_adult","minecraft:bear_wild"]},"remove":{},"weight":9},{"add":{"component_groups":["minecraft:bear_baby","minecraft:bear_wild"]},"remove":{},"weight":1}]},"minecraft:on_calm":{"add":{"component_groups":["minecraft:bear_wild"]},"remove":{"component_groups":["minecraft:bear_angry"]}},"minecraft:on_tame":{"add":{"component_groups":["minecraft:bear_tame"]},"remove":{"component_groups":["minecraft:bear_wild"]}},"minecraft:smidolon_saddle":{"add":{"component_groups":["minecraft:bear_tame_saddle"]}}}}}