{
	"format_version": "1.8.0",
	"animations": {
		"animation.snapping.swim": {
			"loop": true,
			"animation_length": 2.08,
			"bones": {
				"bone": {
					"rotation": {
						"0.0": [7.5, 0, 0],
						"1.04": [-2.5, 0, 0],
						"2.08": [7.5, 0, 0]
					}
				},
				"bone4": {
					"rotation": [32.5, 0, 0]
				},
				"bone5": {
					"rotation": [-10, 0, 0]
				},
				"bone6": {
					"rotation": {
						"0.0": [40, 0, 0],
						"1.08": [12.5, 0, 0],
						"2.08": [40, 0, 0]
					}
				},
				"bone8": {
					"rotation": {
						"0.0": [40, 0, 0],
						"1.08": [5, 0, 0],
						"2.08": [40, 0, 0]
					}
				},
				"bone10": {
					"rotation": {
						"0.0": [37.5, 0, 0],
						"1.08": [5, 0, 0],
						"2.08": [37.5, 0, 0]
					}
				},
				"bone12": {
					"rotation": {
						"0.0": [42.5, 0, 0],
						"1.08": [12.5, 0, 0],
						"2.08": [42.5, 0, 0]
					}
				},
				"bone14": {
					"rotation": {
						"0.0": [10, 0, 0],
						"1.04": [-10, 0, 0],
						"2.08": [10, 0, 0]
					}
				}
			}
		}
	}
}