{
	"format_version": "1.8.0",
	"animations": {
		"animation.snapping.attack": {
			"animation_length": 0.52,
			"bones": {
				"bone": {
					"rotation": [0, 0, 0],
					"scale": {
						"0.0": [1, 1, 1],
						"0.28": [1, 1, 1.3],
						"0.52": [1, 1, 1]
					}
				},
				"bone4": {
					"rotation": {
						"0.0": [-2.5, 0, 0],
						"0.16": [25, 0, 0],
						"0.28": [5, 0, 0],
						"0.52": [0, 0, 0]
					}
				},
				"bone5": {
					"rotation": {
						"0.0": [0, 0, 0],
						"0.16": [-17.5, 0, 0],
						"0.28": [2.5, 0, 0],
						"0.52": [-2.5, 0, 0]
					}
				}
			}
		}
	}
}