{
  "format_version": "1.10.0",
  "minecraft:client_entity": {
    "description": {
      "identifier": "fmods:tapir",
      "materials": { "default": "bat" },
      "textures": {
        "default": "textures/entity/tapir/tapir" 
      },
      "geometry": {
        "default": "geometry.tapir"
      },
      
  "animations": {
        "setup": "animation.tapi.setup",
        "wolf_look_at": "animation.common.look_at_target",
	"move": "animation.tapir.move"
      },
      "scripts": {
        "animate": [
           "general",
          { "move": "query.modified_move_speed" },
		  {"attack" : "query.is_delayed_attacking"},
          "look_at_target"
        ]
      },
      "render_controllers": [ "controller.render.wc" ],
      "spawn_egg": {
         "base_color": "#ff444444",
        "overlay_color": "#ffffffff"
      }
    }
  }
}
