{
	"format_version": "1.8.0",
	"animations": {
		"animation.giraffe.move": {
			"loop": true,
			"animation_length": 1.04,
			"bones": {
				"leg1": {
					"rotation": {
						"0.0": [15, 0, 0],
						"0.52": [-12.5, 0, 0],
						"1.04": [15, 0, 0]
					}
				},
				"leg2": {
					"rotation": {
						"0.0": [-12.5, 0, 0],
						"0.52": [17.5, 0, 0],
						"1.04": [-12.5, 0, 0]
					}
				},
				"neck1": {
					"rotation": {
						"0.0": [5, 0, 0],
						"0.52": [0, 0, 0],
						"1.04": [5, 0, 0]
					}
				},
				"neck2": {
					"rotation": {
						"0.0": [5, 0, 0],
						"0.56": [0, 0, 0],
						"1.04": [5, 0, 0]
					}
				},
				"neck3": {
					"rotation": {
						"0.0": [5, 0, 0],
						"0.6": [0, 0, 0],
						"1.04": [5, 0, 0]
					}
				},
				"neck4": {
					"rotation": {
						"0.0": [5, 0, 0],
						"0.64": [0, 0, 0],
						"1.04": [5, 0, 0]
					}
				},
				"leg3": {
					"rotation": {
						"0.0": [-12.5, 0, 0],
						"0.52": [17.5, 0, 0],
						"1.04": [-12.5, 0, 0]
					}
				},
				"leg4": {
					"rotation": {
						"0.0": [15, 0, 0],
						"0.52": [-12.5, 0, 0],
						"1.04": [15, 0, 0]
					}
				},
				"tail": {
					"rotation": {
						"0.0": [-15, 0, -15],
						"0.52": [-15, 0, 17.5],
						"1.0": [-15, 0, -15]
					}
				}
			}
		}
	}
}