{
	"format_version": "1.8.0",
	"animations": {
		"animation.turtle.move": {
			"loop": true,
			"animation_length": 1.04,
			"bones": {
				"bone": {
					"rotation": {
						"0.0": [0, 0, -2.5],
						"0.52": [0, 0, 5],
						"1.04": [0, 0, -2.5]
					}
				},
				"neck": {
					"rotation": {
						"0.0": [0, 0, -10],
						"0.52": [0, 0, 7.5],
						"1.04": [0, 0, -10]
					}
				},
				"leg1": {
					"rotation": {
						"0.0": [0, -45, 0],
						"0.52": [0, 10, 0],
						"1.04": [0, -45, 0]
					}
				},
				"leg2": {
					"rotation": {
						"0.0": [0, -27.5, 0],
						"0.52": [0, 15, 0],
						"1.04": [0, -27.5, 0]
					}
				},
				"leg5": {
					"rotation": {
						"0.0": [0, -22.5, 0],
						"0.52": [0, 30, 0],
						"1.04": [0, -22.5, 0]
					}
				},
				"leg6": {
					"rotation": {
						"0.0": [0, 7.5, 0],
						"0.52": [0, 37.5, 0],
						"1.04": [0, 0, 0]
					}
				},
				"tail": {
					"rotation": {
						"0.0": [0, -2.5, 0],
						"0.52": [0, 0, 0],
						"1.04": [0, -2.5, 0]
					}
				},
				"leg7": {
					"rotation": {
						"0.0": [0, 30, 0],
						"0.52": [0, -10, 0],
						"1.04": [0, 30, 0]
					}
				},
				"leg8": {
					"rotation": {
						"0.0": [0, 35, 0],
						"0.52": [0, 22.5, 0],
						"1.04": [0, 35, 0]
					}
				},
				"leg3": {
					"rotation": {
						"0.0": [0, 25, 0],
						"0.52": [0, -52.5, 0],
						"1.04": [0, 25, 0]
					}
				},
				"leg4": {
					"rotation": {
						"0.52": [0, -47.5, 0],
						"1.04": [0, 0, 0]
					}
				}
			}
		}
	}
}