{
	"format_version": "1.8.0",
	"animations": {
		"animation.turtle.swim": {
			"loop": true,
			"animation_length": 0.92,
			"bones": {
				"all": {
					"rotation": {
						"0.0": [-10, -5, 0],
						"0.52": [-10, 15, 0],
						"0.88": [-10, -5, 0],
						"0.92": [-10, -5, 0]
					},
					"position": {
						"0.0": [0, 2, 0],
						"0.88": [0, 2, 0],
						"0.92": [0, 2, 0]
					}
				},
				"leg1": {
					"rotation": {
						"0.0": [0, 2.5, 0],
						"0.52": [0, -32.5, 0],
						"0.92": [0, 2.5, 0]
					}
				},
				"leg3": {
					"rotation": {
						"0.0": [0, -30, 0],
						"0.52": [0, -10, 0],
						"0.92": [0, -30, 0]
					}
				},
				"leg5": {
					"rotation": {
						"0.0": [0, -30, 0],
						"0.52": [0, -10, 0],
						"0.92": [0, -30, 0]
					}
				},
				"leg7": {
					"rotation": {
						"0.0": [0, 2.5, 0],
						"0.52": [0, -32.5, 0],
						"0.92": [0, 2.5, 0]
					}
				},
				"head": {
					"rotation": [-15, 0, 0]
				},
				"neck": {
					"rotation": {
						"0.0": [20, 0, 0],
						"0.88": [20, 0, 0]
					}
				}
			}
		}
	}
}