{
	"format_version": "1.8.0",
	"animations": {
		"animation.Turtle.hiding ": {
			"animation_length": 5.4,
			"bones": {
				"all": {
					"position": {
						"0.88": [0, 0, 0],
						"1.56": [0, -1, 0],
						"4.8": [0, -1, 0],
						"5.36": [0, 0, 0]
					}
				},
				"leg1": {
					"position": {
						"0.44": [0, 0, 0],
						"1.12": [-10, 3, 3],
						"4.6": [-10, 3, 3],
						"5.16": [0, 0, 0]
					}
				},
				"leg3": {
					"position": {
						"0.44": [0, 0, 0],
						"1.12": [-10, 3, 0],
						"4.6": [-10, 3, 0],
						"5.16": [0, 0, 0]
					}
				},
				"leg5": {
					"position": {
						"0.44": [0, 0, 0],
						"1.12": [13, 4, 2],
						"4.6": [13, 4, 2],
						"5.16": [0, 0, 0]
					}
				},
				"leg7": {
					"position": {
						"0.44": [0, 0, 0],
						"1.12": [11, 3, 0],
						"4.6": [11, 3, 0],
						"5.16": [0, 0, 0]
					}
				},
				"head": {
					"rotation": [0, 0, 0]
				},
				"neck": {
					"rotation": {
						"0.44": [0, 0, 0],
						"1.12": [45, 0, 0],
						"4.6": [45, 0, 0],
						"5.16": [0, 0, 0]
					},
					"position": {
						"0.44": [0, 0, 0],
						"0.68": [0, -4.94, 6],
						"1.12": [0, 3, 17],
						"4.6": [0, 3, 17],
						"5.16": [0, 0, 0]
					}
				}
			}
		}
	}
}