{
	"format_version": "1.8.0",
	"animations": {
		"animation.monke.move": {
			"loop": true,
			"animation_length": 1.04,
			"bones": {
				"bone2": {
					"rotation": {
						"0.0": [15, 0, 7.5],
						"0.52": [-45, 0, -15],
						"1.04": [15, 0, 7.5]
					}
				},
				"bone3": {
					"rotation": {
						"0.0": [25, 0, 0],
						"0.52": [-7.5, 0, 0],
						"0.72": [27.5, 0, 0],
						"1.04": [25, 0, 0]
					}
				},
				"bone5": {
					"rotation": {
						"0.0": [10, 0, -7.5],
						"0.52": [-35, 0, 10],
						"1.04": [10, 0, -7.5]
					}
				},
				"bone6": {
					"rotation": {
						"0.0": [47.5, 0, 0],
						"0.2": [5.77, 0, 0],
						"0.52": [-2.5, 0, 0],
						"0.84": [28.65, 0, 0],
						"1.04": [47.5, 0, 0]
					}
				},
				"bone7": {
					"rotation": [2.5, -2.5, 0]
				},
				"bone8": {
					"rotation": {
						"0.0": [2.5, 0, 0],
						"0.36": [-2.5, 0, 0],
						"0.52": [-12.5, 0, 0],
						"1.04": [5, 0, 0]
					}
				},
				"bone11": {
					"rotation": [2.5, 0, 0]
				},
				"bone12": {
					"rotation": {
						"0.0": [7.5, 0, 0],
						"0.52": [-10, 0, 0],
						"1.04": [7.5, 0, 0]
					}
				},
				"bone13": {
					"rotation": {
						"0.0": [55, 0, 0],
						"1.04": [55, 0, 0]
					}
				},
				"bone14": {
					"rotation": {
						"0.0": [72.5, 0, 0],
						"1.04": [72.5, 0, 0]
					}
				},
				"bone15": {
					"rotation": {
						"0.0": [65, 0, 0],
						"1.04": [65, 0, 0]
					}
				},
				"bone16": {
					"rotation": {
						"0.0": [0, 0, 0],
						"0.52": [-22.5, 0, 0],
						"1.04": [0, 0, 0]
					}
				},
				"bone17": {
					"rotation": {
						"0.0": [37.5, 0, 0],
						"0.52": [-15, 0, 0],
						"1.04": [37.5, 0, 0]
					}
				},
				"bone18": {
					"rotation": {
						"0.0": [15, 0, 2.5],
						"0.52": [-32.5, 0, 2.5],
						"1.04": [15, 0, 2.5]
					}
				},
				"bone19": {
					"rotation": {
						"0.0": [37.5, 0, 0],
						"0.52": [-7.5, 0, 0],
						"1.04": [37.5, 0, 0]
					}
				}
			}
		}
	}
}