{
	"format_version": "1.8.0",
	"animations": {
		"animation.monke.setup": {
			"animation_length": 31.2,
			"bones": {
				"bone2": {
					"rotation": {
						"0.12": [0, 0, 0],
						"0.6": [45, 0, 0],
						"1.0": [45, 12.5, 0],
						"1.12": [57.13, 11.62, -0.22],
						"1.4": [43.47, 9.65, -0.71],
						"1.56": [35.11, 8.28, -1.05],
						"1.8": [40.16, 6.64, -1.46],
						"2.0": [43.35, 5.27, -1.8],
						"2.2": [8.64, 3.59, -2.23],
						"2.36": [-1.36, 3.59, -2.23]
					}
				},
				"bone3": {
					"rotation": {
						"0.12": [0, 0, 0],
						"0.6": [7.5, 0, 0]
					}
				},
				"bone5": {
					"rotation": {
						"0.12": [0, 0, 0],
						"0.6": [45, 0, 0],
						"1.0": [45, -15, 0],
						"2.08": [45, 5, -10],
						"2.36": [-12.5, -5, -2.5],
						"31.2": [-12.5, -5, -2.5]
					}
				},
				"bone6": {
					"rotation": {
						"0.12": [0, 0, 0],
						"0.6": [10, 0, 0]
					}
				},
				"bone8": {
					"rotation": {
						"0.12": [0, 0, 0],
						"0.6": [-50, 0, 0],
						"1.0": [-50, 12.5, 0],
						"2.08": [-50, -20, 0],
						"2.36": [0, 5, 0]
					}
				},
				"bone10": {
					"rotation": {
						"0.04": [0, 0, 0],
						"0.6": [47.5, 0, 0],
						"1.0": [47.5, 0, 17.5],
						"2.08": [47.5, 0, -27.5],
						"2.36": [2.5, 0, -2.5]
					}
				},
				"bone11": {
					"rotation": [0, 0, 0]
				},
				"bone12": {
					"rotation": {
						"0.12": [-35, 0, 0],
						"0.6": [17.5, 0, 0],
						"2.36": [-30, 0, 0]
					}
				},
				"bone13": {
					"rotation": {
						"0.12": [45, 0, 0],
						"0.6": [77.5, 0, 0],
						"1.36": [105.97, 0, 0],
						"2.04": [119.27, 0, 0],
						"2.36": [45, 0, 0]
					}
				},
				"bone14": {
					"rotation": [97.5, 0, 0]
				},
				"bone15": {
					"rotation": [90, 0, 0]
				}
			}
		}
	}
}