{
	"format_version": "1.8.0",
	"animations": {
		"animation.porcupine.move": {
			"loop": true,
			"animation_length": 1.04,
			"bones": {
				"leg1": {
					"rotation": {
						"0.0": [27.5, 0, 0],
						"0.52": [-17.5, 0, 0],
						"1.04": [27.5, 0, 0]
					}
				},
				"unknown_bone2": {
					"rotation": {
						"0.0": [15, 0, 0],
						"0.56": [-5, 0, 0],
						"1.04": [15, 0, 0]
					}
				},
				"bone2": {
					"rotation": {
						"0.0": [5, 0, 0],
						"0.52": [0, 0, 0],
						"1.04": [5, 0, 0]
					}
				},
				"leg2": {
					"rotation": {
						"0.0": [-25, 0, 0],
						"0.52": [22.5, 0, 0],
						"1.04": [-25, 0, 0]
					}
				},
				"leg4": {
					"rotation": {
						"0.0": [-17.5, 0, 0],
						"0.52": [27.5, 0, 0],
						"1.04": [-17.5, 0, 0]
					}
				},
				"leg3": {
					"rotation": {
						"0.0": [22.5, 0, 0],
						"0.52": [-17.5, 0, 0],
						"1.04": [22.5, 0, 0]
					}
				},
				"bone4": {
					"rotation": {
						"0.0": [2.5, 0, 0],
						"0.52": [0, 0, 0],
						"1.04": [2.5, 0, 0]
					}
				},
				"jaw": {
					"rotation": {
						"0.0": [25, 0, 0],
						"0.52": [-5, 0, 0],
						"1.04": [25, 0, 0]
					}
				}
			}
		}
	}
}