{
	"format_version": "1.8.0",
	"animations": {
		"animation.hippo.swim": {
			"loop": true,
			"animation_length": 1.04,
			"bones": {
				"body": {
					"rotation": {
						"0.0": [-12.5, 0, 0],
						"0.52": [-22.5, 0, 0],
						"1.04": [-12.5, 0, 0]
					}
				},
				"leg1": {
					"rotation": {
						"0.0": [22.5, 0, 0],
						"0.52": [-25, 0, 0],
						"1.04": [22.5, 0, 0]
					}
				},
				"leg2": {
					"rotation": {
						"0.0": [-27.5, 0, 0],
						"0.52": [20, 0, 0],
						"1.04": [-27.5, 0, 0]
					}
				},
				"head": {
					"position": [0, 0, 1]
				},
				"leg3": {
					"rotation": {
						"0.0": [-30, 0, 0],
						"0.52": [35, 0, 0],
						"1.04": [-30, 0, 0]
					}
				},
				"leg4": {
					"rotation": {
						"0.0": [40, 0, 0],
						"0.52": [-45, 0, 0],
						"1.04": [40, 0, 0]
					}
				},
				"bone2": {
					"rotation": {
						"0.0": [2.5, 0, 0],
						"0.52": [20, 0, 0],
						"1.04": [-2.5, 0, 0]
					}
				}
			}
		}
	}
}