{
  "format_version": "1.14.0",
  "minecraft:entity": {
    "description": {
      "identifier": "fmods:zebra",
      "is_spawnable": true,
      "is_summonable": true,
      "is_experimental": false
    },

    "component_groups": {
      "minecraft:animal_baby": {
        "minecraft:is_baby": {
        },
        "minecraft:loot": {
          "table": "loot_tables/entities/deer.json"
        },
        "minecraft:scale": {
          "value": 0.2
        },
        "minecraft:tameable": {
          "probability": 0.33,
          "tame_items": "apple",
          "tame_event": {
            "event": "minecraft:on_tame",
            "target": "self"
          }
        },
        "minecraft:rideable": {
          "seat_count": 1,
          "family_types": [
            "player"
          ],
          "seats": {
            "position": [ -0.05, 0.8, -0.1 ]
          }
        },
        "minecraft:ageable": {
          "duration": 1200,
          "feed_items": [
            "leaves",
            "leaves2",
            "grass",
            "potato",
            "carrot",
            "wheat"
          ],
          "grow_up": {
            "event": "minecraft:ageable_grow_up",
            "target": "self"
          }
        }
      },

      "minecraft:animal_adult": {
        "minecraft:scale": {
          "value": 0.6
        },
        "minecraft:experience_reward": {
          "on_bred": "Math.Random(1,7)",
          "on_death": "query.last_hit_by_player ? Math.Random(1,3) : 0"
        },
        "minecraft:loot": {
          "table": "loot_tables/entities/deer.json"
        },
        "minecraft:breedable": {
          "require_tame": true,
          "breeds_with": {
            "mate_type": "minecraft:animal",
            "baby_type": "minecraft:animal",
            "breed_event": {
              "event": "minecraft:entity_born",
              "target": "baby"
            }
          },
          "breed_items": [
            "leaves",
            "leaves2",
            "grass",
            "potato",
            "carrot",
            "wheat"
          ]
        }
      },

      "minecraft:animal_wild": {
        "minecraft:behavior.avoid_mob_type": {
          "priority": 3,
          "entity_types": [
            {
              "filters": { "test": "is_family", "subject": "other", "value": "player" },
              "max_dist": 24,
              "walk_speed_multiplier": 1.5,
              "sprint_speed_multiplier": 1.5
            }
          ],
          "probability_per_strength": 0.14
        },
        "minecraft:behavior.nearest_attackable_target": {
          "priority": 12,
          "attack_interval": 10,
          "reselect_targets": true,
          "entity_types": [
            {
              "filters": {
                "any_of": [
                  { "test" :  "is_family", "subject" : "other", "value" :  "deer"}
                ] 
              },
              "max_dist": 5
            }
          ],
          "must_see": true
        },
        "minecraft:tameable": {
          "probability": 0.33,
          "tame_items": "apple",
          "tame_event": {
            "event": "minecraft:on_tame",
            "target": "self"
          }
        },
        "minecraft:rideable": {
          "seat_count": 1,
          "family_types": [
            "zombie"
          ],
          "seats": {
            "position": [ 0.0, 0.675, -0.1 ]
          }
        }
      },
      "minecraft:animal_normal": {
      "minecraft:movement": {
        "value": 0.2
        }
      },
      "minecraft:animal_sit": {
      "minecraft:movement": {
        "value": 0.0
        }
      },
      "minecraft:animal_tame": {
        "minecraft:is_tamed": {
        },
      "minecraft:type_family": {
        "family": [ "zebra", "mob" ]
      },
        "minecraft:health": {
          "value": 150,
          "max": 150                          },
      "minecraft:behavior.panic": {
        "priority": 3,
        "speed_multiplier": 0.6
      },
      "minecraft:behavior.avoid_mob_type": {
        "priority": 3,
        "entity_types": [
          {
            "filters": { 
                "any_of": [
                  { "test" : "is_family", "subject" : "other", "value" : "zombie"},
                  { "test" : "is_family", "subject" : "other", "value" : "zombie_villager"},
                  { "test" : "is_family", "subject" : "other", "value" : "zombie_pigman"},
                  { "test" : "is_family", "subject" : "other", "value" : "illager"},
                  { "test" : "is_family", "subject" : "other", "value" : "vex"}
                ]
            },
            "max_dist": 8,
            "walk_speed_multiplier": 0.6,
            "sprint_speed_multiplier": 0.6
            }
          ]
        },
        "minecraft:behavior.follow_owner": {
          "priority": 6,
          "speed_multiplier": 1.0,
          "start_distance": 10,
          "stop_distance": 2
        },
        "minecraft:attack": {
          "damage": 8
        },
        "minecraft:behavior.breed": {
          "priority": 7
        },

        "minecraft:behavior.owner_hurt_by_target": {
          "priority": 1
        },
        "minecraft:behavior.owner_hurt_target": {
          "priority": 2
        },
        "minecraft:behavior.nearest_attackable_target": {
          "priority": 5,
          "attack_interval": 10,
          "entity_types": [
            {
              "filters": { "test" :  "is_family", "subject" : "other", "value" :  "monster"},
              "max_dist": 16
            }
          ],
          "must_see": true
        },

        "minecraft:sittable": {
        },


        "minecraft:leashable": {
          "soft_distance": 4.0,
          "hard_distance": 6.0,
          "max_distance": 10.0,
          "on_leash": {
            "event": "minecraft:on_leash",
            "target": "self"
          },
          "on_unleash": {
            "event": "minecraft:on_unleash",
            "target": "self"
          }
        }
      }
    },


    "components": {
      "minecraft:nameable": {
      },
			"minecraft:behavior.delayed_attack": {
				"attack_duration": 1.08,
				"hit_delay_pct": 1.04,
				"speed_multiplier": 1.1,
				"track_target": true
      },
      "minecraft:type_family": {
        "family": [ "zebra", "mob" ]
      },
      "minecraft:breathable": {
        "total_supply": 15,
        "suffocate_time": 0
      },
      "minecraft:collision_box": {
        "width": 2.0,
        "height": 2.0
      },
      "minecraft:health": {
        "value": 100,
        "max": 100
      },
      "minecraft:hurt_on_condition": {
        "damage_conditions": [
          {
            "filters": { "test": "in_lava", "subject": "self", "operator": "==", "value": true },
            "cause": "lava",
            "damage_per_tick": 4
          }
        ]
      },
      "minecraft:movement": {
        "value": 0.2
      },
      "minecraft:navigation.walk": {
        "can_path_over_water": true,
        "avoid_damage_blocks": true
      },
      "minecraft:movement.basic": {
      },
      "minecraft:jump.static": {
      },
      "minecraft:can_climb": {
      },
      "minecraft:attack": {
        "damage": 4
      },
      "minecraft:healable": {
        "items": [
          {
            "item": "potato",
            "heal_amount": 30
          },
          {
            "item": "leaves",
            "heal_amount": 80
          },
          {
            "item": "carrot",
            "heal_amount": 20
          },
          {
            "item": "applee",
            "heal_amount": 20
          },
          {
            "item": "grass",
            "heal_amount": 10
          },
          {
            "item": "melon",
            "heal_amount": 10
          },
          {
            "item": "leaves2",
            "heal_amount": 100
          }
        ]
      },
      "minecraft:behavior.float": {
        "priority": 0
      },
      "minecraft:behavior.mount_pathing": {
        "priority": 1,
        "speed_multiplier": 1.25,
        "target_dist": 0,
        "track_target": true
      },
      "minecraft:behavior.stay_while_sitting": {
        "priority": 3
      },
      "minecraft:behavior.leap_at_target": {
        "priority": 4,
        "target_dist": 0.4
      },
      "minecraft:behavior.melee_attack": {
        "priority": 5,
        "target_dist": 1.2,
        "track_target": true,
        "reach_multiplier": 1.0
      },
      "minecraft:behavior.random_stroll": {
        "priority": 8,
        "speed_multiplier": 1.0
      },
      "minecraft:behavior.look_at_player": {
        "priority": 6,
        "target_distance": 6.0,
        "probability": 0.02
      },
      "minecraft:behavior.beg": {
        "priority": 9,
        "look_distance": 8,
        "look_time": [ 2, 4 ],
        "items": [ "leaves", "leaves2", "carrot", "apple", "potato", 
                   "grass", "melon", "wheat" ]
      },
	    "minecraft:physics": {
      },
      "minecraft:pushable": {
        "is_pushable": true,
        "is_pushable_by_piston": true
      }
    },


    "events": {
      "minecraft:entity_spawned": {
        "randomize": [
          {
            "weight": 9,
            "remove": {
            },
            "add": {
              "component_groups": [
                "minecraft:animal_adult",
                "minecraft:animal_wild"
              ]
            }
          },
          {
            "weight": 1,
            "remove": {
            },
            "add": {
              "component_groups": [
                "minecraft:animal_baby",
                "minecraft:animal_wild"
              ]

            }
          }
        ]
      },

      "minecraft:entity_born": {
        "remove": {
        },
        "add": {
          "component_groups": [
            "minecraft:animal_baby",
            "minecraft:animal_tame"
          ]
        }
      },

      "minecraft:ageable_grow_up": {
        "remove": {
          "component_groups": [
            "minecraft:animal_baby"
          ]
        },
        "add": {
          "component_groups": [
            "minecraft:animal_adult"
          ]
        }
      },

      "minecraft:ageable_set_baby": {
        "remove": {
          "component_groups": [
            "minecraft:animal_adult"
          ]
        },
        "add": {
          "component_groups": [
            "minecraft:animal_baby"
          ]
        }
      },
      "minecraft:animal_saddle": {
        "add": {
          "component_groups": [
            "minecraft:animal_tame_saddle"
          ]
        }
      },
      "minecraft:animal_sit": {
        "add": {
          "component_groups": [
            "minecraft:animal_sit"
          ]
        }
      },
      "minecraft:animal_stand": {
        "remove": {
          "component_groups": [
            "minecraft:animal_sit"
          ]
        },
        "add": {
          "component_groups": [
            "minecraft:animal_normal"
          ]
        }
      },
      "minecraft:on_tame": {
        "remove": {
          "component_groups": [
            "minecraft:animal_wild"
          ]
        },
        "add": {
          "component_groups": [
            "minecraft:animal_tame"
          ]
        }
      },
      "minecraft:become_angry": {
        "remove": {
          "component_groups": [
            "minecraft:animal_wild"
          ]
        },
        "add": {
          "component_groups": [
            "minecraft:animal_angry"
          ]
        }
      },
      "minecraft:on_calm": {
        "remove": {
          "component_groups": [
            "minecraft:animal_angry"
          ]
        },
        "add": {
          "component_groups": [
            "minecraft:animal_wild"
          ]
        }
      }
    }
  }
}
