{
	"format_version": "1.12.0",
	"minecraft:geometry": [
		{
			"description": {
				"identifier": "geometry.anteater",
				"texture_width": 256,
				"texture_height": 256,
				"visible_bounds_width": 16,
				"visible_bounds_height": 6,
				"visible_bounds_offset": [0, 2, 0]
			},
			"bones": [
				{
					"name": "Anteater",
					"pivot": [0, 0, 0]
				},
				{
					"name": "Head",
					"parent": "Anteater",
					"pivot": [0, 0, 0],
					"cubes": [
						{"origin": [-2, 34, -37], "size": [13, 10, 15], "pivot": [0, 27, -34], "rotation": [5, 0, 0], "uv": [147, 156]},
						{"origin": [0, 37, -44], "size": [9, 7, 13], "pivot": [0, 27, -34], "rotation": [22.5, 0, 0], "uv": [174, 26]},
						{"origin": [2, 25.56974, -67.77403], "size": [5, 4, 13], "pivot": [4.5, 27.56974, -61.27403], "rotation": [40, 0, 0], "uv": [64, 188]},
						{"origin": [1, 39, -54], "size": [7, 6, 13], "pivot": [0, 27, -34], "rotation": [30, 0, 0], "uv": [0, 0]},
						{"origin": [0, 34, -43], "size": [9, 3, 9], "uv": [138, 82]},
						{"origin": [-3, 42, -27], "size": [3, 4, 1], "uv": [0, 0]},
						{"origin": [9, 42, -27], "size": [3, 4, 1], "uv": [0, 5]}
					]
				},
				{
					"name": "Body",
					"parent": "Anteater",
					"pivot": [0, 0, 0],
					"cubes": [
						{"origin": [-3, 36.24847, -24.70614], "size": [15, 10, 16], "pivot": [4.5, 41.24847, -16.70614], "rotation": [5, 0, 0], "uv": [145, 0]},
						{"origin": [-2, 38, -29], "size": [13, 10, 18], "pivot": [0, 27, -34], "rotation": [-22.5, 0, 0], "uv": [100, 143]},
						{"origin": [-8, 22, -10], "size": [24, 25, 41], "uv": [0, 0]},
						{"origin": [-11, 32, 26], "size": [30, 26, 22], "pivot": [0, 27, -34], "rotation": [-10, 0, 0], "uv": [88, 95]},
						{"origin": [16, 16, 0], "size": [0, 7, 35], "uv": [0, 82]},
						{"origin": [-8, 16, 0], "size": [0, 7, 35], "uv": [77, 47]}
					]
				},
				{
					"name": "Tail",
					"parent": "Anteater",
					"pivot": [0, 0, 0],
					"cubes": [
						{"origin": [-7, 22, 51], "size": [22, 18, 33], "pivot": [4, 40, 71.5], "rotation": [-10, 0, 0], "uv": [0, 66]},
						{"origin": [-7, 14, 86], "size": [22, 16, 29], "pivot": [4, 41.5, 102.5], "rotation": [-25, 0, 0], "uv": [101, 37]},
						{"origin": [15, 8.62235, 43.79538], "size": [0, 12, 30], "pivot": [0, -6.37765, 77.29538], "rotation": [-10, 0, 0], "uv": [0, 106]},
						{"origin": [-8, 9, 44], "size": [0, 12, 31], "pivot": [0, -2.5, 77], "rotation": [-10, 0, 0], "uv": [0, 93]},
						{"origin": [15, 2.98987, 68.78158], "size": [0, 12, 25], "pivot": [-1, -7.01013, 91.78158], "rotation": [-25, 0, 0], "uv": [50, 142]},
						{"origin": [-7, 8, 77], "size": [0, 12, 25], "pivot": [-7, 13.5, 84.5], "rotation": [-25, 0, 0], "uv": [0, 142]},
						{"origin": [-7, 0, 101], "size": [22, 12, 0], "pivot": [4, 7.5, 102], "rotation": [-25, 0, 0], "uv": [144, 143]}
					]
				},
				{
					"name": "Leg1",
					"parent": "Anteater",
					"pivot": [0, 0, 0],
					"cubes": [
						{"origin": [8, 23, -6], "size": [11, 17, 13], "uv": [87, 171]},
						{"origin": [9, 19, -5], "size": [9, 4, 11], "uv": [167, 181]},
						{"origin": [10, 5, -4], "size": [7, 14, 9], "uv": [135, 181]},
						{"origin": [9, 0, -5], "size": [9, 5, 10], "uv": [192, 112]}
					]
				},
				{
					"name": "Leg2",
					"parent": "Anteater",
					"pivot": [0, 0, 0],
					"cubes": [
						{"origin": [12, 36, 29], "size": [10, 19, 18], "pivot": [0, 27, -34], "rotation": [-12.5, 0, 0], "uv": [44, 130]},
						{"origin": [12, 18, 32], "size": [9, 4, 11], "uv": [174, 46]},
						{"origin": [13, 5, 33], "size": [7, 14, 9], "uv": [32, 179]},
						{"origin": [12, 0, 32], "size": [9, 5, 10], "uv": [191, 0]}
					]
				},
				{
					"name": "Leg3",
					"parent": "Anteater",
					"pivot": [0, 0, 0],
					"cubes": [
						{"origin": [-14, 36, 29], "size": [10, 19, 18], "pivot": [0, 27, -34], "rotation": [-12.5, 0, 0], "uv": [89, 0]},
						{"origin": [-13, 18, 32], "size": [9, 4, 11], "uv": [0, 148]},
						{"origin": [-12, 5, 33], "size": [7, 14, 9], "uv": [0, 179]},
						{"origin": [-13, 0, 32], "size": [9, 5, 10], "uv": [188, 148]}
					]
				},
				{
					"name": "Leg4",
					"parent": "Anteater",
					"pivot": [0, 0, 0],
					"cubes": [
						{"origin": [-12, 23, -6], "size": [11, 17, 13], "uv": [170, 82]},
						{"origin": [-11, 19, -5], "size": [9, 4, 11], "uv": [0, 19]},
						{"origin": [-10, 5, -4], "size": [7, 14, 9], "uv": [0, 66]},
						{"origin": [-11, 0, -5], "size": [9, 5, 10], "uv": [188, 133]}
					]
				}
			]
		}
	]
}