{
	"format_version": "1.12.0",
	"minecraft:geometry": [
		{
			"description": {
				"identifier": "geometry.heron",
				"texture_width": 128,
				"texture_height": 128,
				"visible_bounds_width": 6,
				"visible_bounds_height": 4.5,
				"visible_bounds_offset": [0, 1.75, 0]
			},
			"bones": [
				{
					"name": "unknown_bone",
					"pivot": [0, 2, -11],
					"cubes": [
						{"origin": [-3.5, 29.32879, -7.12795], "size": [5, 5.5, 3.5], "pivot": [-1, 32.07879, -5.37795], "rotation": [37.5, 0, 0], "uv": [48, 12]},
						{"origin": [-4, 28.70978, -5.88712], "size": [6, 6, 8], "pivot": [-1, 31.70978, -1.88712], "rotation": [2.5, 0, 0], "uv": [0, 34]},
						{"origin": [-6, 27, -1], "size": [10, 8, 14], "pivot": [-3, 36, 2], "rotation": [-20, 0, 0], "uv": [0, 0]},
						{"origin": [-5, 26, 13], "size": [8, 2, 10], "pivot": [0, 32, 16], "rotation": [-45, 0, 0], "uv": [0, 22]},
						{"origin": [-3, 19, 11], "size": [4, 4, 6], "pivot": [0, 29, 19], "rotation": [-42.5, 0, 0], "uv": [47, 0]},
						{"origin": [-4, 33.79205, -4.87266], "size": [6, 2, 4.8], "pivot": [-1, 33.79205, -1.37266], "rotation": [27.5, 0, 0], "uv": [0, 48]},
						{"origin": [-4, 24, 5], "size": [6, 4, 6], "pivot": [-1, 20.5, 11], "rotation": [-45, 0, 0], "uv": [40, 22]},
						{"origin": [-1, 25, -12], "size": [0, 6, 11], "pivot": [-1, 26.5, -5.5], "rotation": [-42.5, 0, 0], "uv": [28, 26]}
					]
				},
				{
					"name": "bone",
					"parent": "unknown_bone",
					"pivot": [1.675, 27, 4],
					"rotation": [-2.5, 0, 0],
					"cubes": [
						{"origin": [1.675, 11, 5.34199], "size": [1, 13, 2], "pivot": [2.175, 16.46074, 4.34199], "rotation": [12.5, 0, 0], "uv": [54, 48]},
						{"origin": [0.675, 23.0267, 2.7352], "size": [3, 5, 4], "pivot": [1.675, 25, 5], "rotation": [-5, 0, 0], "uv": [48, 39]}
					]
				},
				{
					"name": "bone2",
					"parent": "bone",
					"pivot": [2.675, 11.35, 7],
					"cubes": [
						{"origin": [1.675, 0.31487, 6.3], "size": [1, 12, 1], "pivot": [2.175, 6.31487, 6.98839], "rotation": [-7.5, 0, 0], "uv": [26, 59]},
						{"origin": [-0.325, 0, 4], "size": [1, 1, 4], "pivot": [2.675, -2, 10], "rotation": [0, -40, 0], "uv": [0, 27]},
						{"origin": [1.675, 0, 2], "size": [1, 1, 5], "uv": [58, 43]},
						{"origin": [3.675, 0, 4], "size": [1, 1, 4], "pivot": [1.675, -2, 10], "rotation": [0, 45, 0], "uv": [26, 27]}
					]
				},
				{
					"name": "bone5",
					"parent": "bone2",
					"pivot": [1.675, 11.35, 7]
				},
				{
					"name": "bone3",
					"parent": "unknown_bone",
					"pivot": [-4.675, 27, 4],
					"rotation": [-2.5, 0, 0],
					"cubes": [
						{"origin": [-4.675, 11, 5.34199], "size": [1, 13, 2], "pivot": [-4.175, 16.46074, 4.34199], "rotation": [12.5, 0, 0], "uv": [54, 48]},
						{"origin": [-5.675, 23.0267, 2.7352], "size": [3, 5, 4], "pivot": [-4.675, 25, 5], "rotation": [-5, 0, 0], "uv": [48, 39]}
					]
				},
				{
					"name": "bone4",
					"parent": "bone3",
					"pivot": [-3.675, 11.35, 7],
					"cubes": [
						{"origin": [-4.675, 0.31487, 6.3], "size": [1, 12, 1], "pivot": [-4.175, 6.31487, 6.98839], "rotation": [-7.5, 0, 0], "uv": [26, 59]},
						{"origin": [-6.675, 0, 4], "size": [1, 1, 4], "pivot": [-3.675, -2, 10], "rotation": [0, -40, 0], "uv": [0, 27]},
						{"origin": [-4.675, 0, 2], "size": [1, 1, 5], "uv": [58, 43]},
						{"origin": [-2.675, 0, 4], "size": [1, 1, 4], "pivot": [-4.675, -2, 10], "rotation": [0, 45, 0], "uv": [26, 27]}
					]
				},
				{
					"name": "bone6",
					"parent": "unknown_bone",
					"pivot": [-6, 33, 1],
					"cubes": [
						{"origin": [-7, 25, -1], "size": [2, 10, 6], "pivot": [-5, 31, 3], "rotation": [47.5, -10, 0], "uv": [22, 43]}
					]
				},
				{
					"name": "bone7",
					"parent": "bone6",
					"pivot": [-5.625, 26, 5],
					"rotation": [37.5, 0, 0],
					"cubes": [
						{"origin": [-6.4, 17, -2], "size": [1.775, 8, 4], "pivot": [-4.625, 31, 1], "rotation": [47.5, -10, 0], "uv": [25, 47]},
						{"origin": [-7.1, 21.4, 11], "size": [1, 3, 5], "pivot": [-8.125, 25.5, 9.5], "rotation": [-47.90898, -10.26755, 7.58924], "uv": [58, 20]}
					]
				},
				{
					"name": "bone8",
					"parent": "unknown_bone",
					"pivot": [3.55, 33, 1],
					"rotation": [0, 20, 0],
					"cubes": [
						{"origin": [2.55, 25, -1], "size": [2, 10, 6], "pivot": [4.55, 31, 3], "rotation": [47.5, -10, 0], "uv": [36, 43]}
					]
				},
				{
					"name": "bone9",
					"parent": "bone8",
					"pivot": [3.725, 26, 5],
					"rotation": [38.27806, -10.67306, -8.31495],
					"cubes": [
						{"origin": [2.95, 17, -2], "size": [1.775, 8, 4], "pivot": [4.725, 31, 1], "rotation": [46.66501, 2.38432, 10.36731], "uv": [41, 46]},
						{"origin": [2.25, 21.4, 11], "size": [1, 3, 5], "pivot": [1.225, 25.5, 9.5], "rotation": [-48.31058, 0.64356, 6.64129], "uv": [42, 48]}
					]
				},
				{
					"name": "bone10",
					"parent": "unknown_bone",
					"pivot": [0, 34, -7],
					"cubes": [
						{"origin": [-2.5, 33.28274, -7.85235], "size": [3, 9, 2], "pivot": [-1, 37.78274, -8.35235], "rotation": [-2.5, 0, 0], "uv": [34, 0]}
					]
				},
				{
					"name": "bone11",
					"parent": "bone10",
					"pivot": [-1, 41, -7],
					"cubes": [
						{"origin": [-3, 40.56875, -9.67992], "size": [4, 3, 4], "pivot": [-1.5, 42.06875, -7.67992], "rotation": [7.5, 0, 0], "uv": [0, 54]},
						{"origin": [-1, 41.59131, -9.23539], "size": [0, 1, 8], "pivot": [0, 40, -7], "rotation": [-25, 0, 0], "uv": [20, 26]},
						{"origin": [-1, 41.14302, -6.92508], "size": [0, 2, 7], "pivot": [-1, 42.14302, -3.42508], "rotation": [-12.5, 0, 0], "uv": [0, 2]},
						{"origin": [-1.5, 39.51247, -18.95269], "size": [1, 1, 11], "pivot": [-1.5, 39.01247, -13.45269], "rotation": [15, 0, 0], "uv": [34, 0]},
						{"origin": [-2, 40.82647, -14.52736], "size": [2, 1, 6], "pivot": [-1.5, 41.32647, -12.52736], "rotation": [25, 0, 0], "uv": [50, 32]},
						{"origin": [-2, 39.94351, -22.23087], "size": [2, 1, 14], "pivot": [-1.5, 39.44351, -15.23087], "rotation": [15, 0, 0], "uv": [22, 22]}
					]
				}
			]
		}
	]
}