{
	"format_version": "1.12.0",
	"minecraft:geometry": [
		{
			"description": {
				"identifier": "geometry.chital",
				"texture_width": 256,
				"texture_height": 256,
				"visible_bounds_width": 12,
				"visible_bounds_height": 7.5,
				"visible_bounds_offset": [0, 3.25, 0]
			},
			"bones": [
				{
					"name": "bone",
					"pivot": [0, 41, -20]
				},
				{
					"name": "bone2",
					"parent": "bone",
					"pivot": [-1, 76, -12]
				},
				{
					"name": "bone3",
					"parent": "bone2",
					"pivot": [-1, 50, 32]
				},
				{
					"name": "middle_body",
					"parent": "bone3",
					"pivot": [2, 48, 28],
					"cubes": [
						{"origin": [-6, 30, 15], "size": [17, 11, 28], "pivot": [-8, 48, 15], "rotation": [7.5, 0, 0], "uv": [0, 46]},
						{"origin": [-6, 38, 17], "size": [17, 17, 26], "uv": [62, 20]}
					]
				},
				{
					"name": "back_body",
					"parent": "middle_body",
					"pivot": [3, 48, 45],
					"cubes": [
						{"origin": [-8, 31, 43], "size": [21, 24, 17], "pivot": [-8, 54, 43], "rotation": [-7.5, 0, 0], "uv": [73, 73]}
					]
				},
				{
					"name": "tail",
					"parent": "back_body",
					"pivot": [3, 48, 56],
					"cubes": [
						{"origin": [0, 34, 55], "size": [5, 14, 7], "pivot": [-1, 47, 55], "rotation": [47.5, 0, 0], "uv": [0, 46]}
					]
				},
				{
					"name": "back_leg0",
					"parent": "back_body",
					"pivot": [11, 49, 46],
					"cubes": [
						{"origin": [8, 33, 47], "size": [8, 20, 11], "pivot": [11, 49, 46], "rotation": [-15, 0, 0], "uv": [0, 124]}
					]
				},
				{
					"name": "back_shin0",
					"parent": "back_leg0",
					"pivot": [11, 33, 44],
					"cubes": [
						{"origin": [8, 28, 45], "size": [8, 5, 9], "pivot": [11, 28, 42], "rotation": [10, 0, 0], "uv": [160, 0]}
					]
				},
				{
					"name": "back_ankle0",
					"parent": "back_shin0",
					"pivot": [11, 30, 47],
					"cubes": [
						{"origin": [8, 4, 46], "size": [8, 26, 7], "uv": [149, 89]}
					]
				},
				{
					"name": "back_foot0",
					"parent": "back_ankle0",
					"pivot": [11, 2, 49],
					"cubes": [
						{"origin": [8, 0, 44], "size": [8, 4, 9], "uv": [164, 47]}
					]
				},
				{
					"name": "back_leg1",
					"parent": "back_body",
					"pivot": [-8, 49, 46],
					"cubes": [
						{"origin": [-11, 33, 47], "size": [8, 20, 11], "pivot": [-8, 49, 46], "rotation": [-15, 0, 0], "uv": [122, 0]}
					]
				},
				{
					"name": "back_shin1",
					"parent": "back_leg1",
					"pivot": [-8, 34, 45],
					"cubes": [
						{"origin": [-11, 28, 45], "size": [8, 5, 9], "pivot": [-8, 28, 42], "rotation": [10, 0, 0], "uv": [0, 155]}
					]
				},
				{
					"name": "back_ankle1",
					"parent": "back_shin1",
					"pivot": [-8, 30, 45],
					"cubes": [
						{"origin": [-11, 4, 46], "size": [8, 26, 7], "uv": [141, 56]}
					]
				},
				{
					"name": "back_foot1",
					"parent": "back_ankle1",
					"pivot": [-8, 4, 49],
					"cubes": [
						{"origin": [-11, 0, 44], "size": [8, 4, 9], "uv": [160, 135]}
					]
				},
				{
					"name": "front_body",
					"parent": "middle_body",
					"pivot": [2, 29, 17],
					"cubes": [
						{"origin": [-8, 29.99143, -4.39257], "size": [21, 25, 21], "uv": [0, 0]}
					]
				},
				{
					"name": "neck",
					"parent": "front_body",
					"pivot": [0, 47.99143, 2.60743],
					"cubes": [
						{"origin": [-3, 38.99143, -18.39257], "size": [11, 20, 10], "pivot": [-1, 57.99143, -18.39257], "rotation": [50, 0, 0], "uv": [32, 105]},
						{"origin": [-3, 44.90533, -12.70617], "size": [11, 20, 10], "inflate": -0.11, "pivot": [-1, 55.99143, -2.39257], "rotation": [42.5, 0, 0], "uv": [0, 85]}
					]
				},
				{
					"name": "head",
					"parent": "neck",
					"pivot": [0, 59.99143, -11.39257],
					"cubes": [
						{"origin": [-4, 52.99143, -22.39257], "size": [13, 13, 11], "uv": [74, 114]},
						{"origin": [-1, 54.99143, -33.39257], "size": [7, 5, 11], "uv": [148, 31]},
						{"origin": [-1, 57.17628, -33.01557], "size": [7, 6, 13], "pivot": [2.5, 60.67628, -27.01552], "rotation": [27.5, 0, 0], "uv": [63, 0]},
						{"origin": [5, 62.99143, -14.39257], "size": [6, 9, 1], "pivot": [6, 61.99143, -14.39257], "rotation": [-7.5, 0, 50], "uv": [76, 63]},
						{"origin": [-9.03752, 60.32613, -13.94001], "size": [6, 9, 1], "pivot": [-6.03752, 63.82612, -13.44001], "rotation": [-10, 0, -52.5], "uv": [62, 63]},
						{"origin": [11, 62.99143, -12.39257], "size": [2, 25, 2], "pivot": [12, 75.99143, -12.39257], "rotation": [-22.5, 0, 30], "uv": [132, 63]},
						{"origin": [11, 68.99143, -22.39257], "size": [2, 10, 2], "pivot": [12, 81.99143, -22.39257], "rotation": [57.5, 0, 0], "uv": [106, 0]},
						{"origin": [15, 79.99143, -16.39257], "size": [2, 15, 2], "pivot": [16, 92.99143, -16.39257], "rotation": [32.5, 0, 0], "uv": [8, 0]},
						{"origin": [15, 85.99143, -5.39257], "size": [2, 12, 2], "pivot": [16, 95.99143, -5.39257], "rotation": [-47.5, 0, 0], "uv": [50, 85]},
						{"origin": [-13, 85.99143, -5.39257], "size": [2, 12, 2], "pivot": [-12, 95.99143, -5.39257], "rotation": [-47.5, 0, 0], "uv": [42, 85]},
						{"origin": [-13, 85.99143, -5.39257], "size": [2, 12, 2], "pivot": [-12, 95.99143, -5.39257], "rotation": [-47.5, 0, 0], "uv": [42, 85]},
						{"origin": [-13, 79.99143, -16.39257], "size": [2, 15, 2], "pivot": [-12, 92.99143, -16.39257], "rotation": [32.5, 0, 0], "uv": [0, 0]},
						{"origin": [-8, 68.99143, -22.39257], "size": [2, 10, 2], "pivot": [-7, 81.99143, -22.39257], "rotation": [57.5, 0, 0], "uv": [98, 0]},
						{"origin": [10, 67.99143, -4.39257], "size": [2, 10, 2], "pivot": [11, 77.99143, -4.39257], "rotation": [-67.5, 0, 0], "uv": [90, 0]},
						{"origin": [-7, 67.99143, -4.39257], "size": [2, 10, 2], "pivot": [-6, 77.99143, -4.39257], "rotation": [-67.5, 0, 0], "uv": [63, 0]},
						{"origin": [-8, 62.64681, -12.66003], "size": [2, 25, 2], "pivot": [-7, 75.14681, -11.66003], "rotation": [-22.5, 0, -30], "uv": [64, 85]}
					]
				},
				{
					"name": "mouth",
					"parent": "head",
					"pivot": [2.5, 55.49143, -22.39257],
					"cubes": [
						{"origin": [-1, 53.99143, -31.39257], "size": [7, 3, 10], "pivot": [2.5, 55.49143, -26.39257], "rotation": [-12.5, 0, 0], "uv": [136, 165]}
					]
				},
				{
					"name": "leg0",
					"parent": "front_body",
					"pivot": [13, 51.99143, 6.60743],
					"cubes": [
						{"origin": [8, 32.99143, 0.60743], "size": [8, 19, 11], "uv": [38, 135]}
					]
				},
				{
					"name": "shin0",
					"parent": "leg0",
					"pivot": [13, 33.99143, 1.60743],
					"cubes": [
						{"origin": [8, 27.99143, 2.60743], "size": [8, 5, 9], "pivot": [11, 27.99143, -0.39257], "rotation": [10, 0, 0], "uv": [160, 14]}
					]
				},
				{
					"name": "ankle0",
					"parent": "shin0",
					"pivot": [12, 28.99143, 3.60743],
					"cubes": [
						{"origin": [8, 3.99143, 3.60743], "size": [8, 26, 7], "uv": [106, 153]}
					]
				},
				{
					"name": "foot0",
					"parent": "ankle0",
					"pivot": [12, 3.99143, 5.60743],
					"cubes": [
						{"origin": [8, -0.00857, 1.60743], "size": [8, 4, 9], "uv": [25, 165]}
					]
				},
				{
					"name": "leg1",
					"parent": "front_body",
					"pivot": [-7, 53, 8],
					"cubes": [
						{"origin": [-11, 33, 1], "size": [8, 20, 11], "uv": [122, 122]}
					]
				},
				{
					"name": "shin1",
					"parent": "leg1",
					"pivot": [-7, 33, 1],
					"cubes": [
						{"origin": [-11, 28, 3], "size": [8, 5, 9], "pivot": [-8, 28, 0], "rotation": [10, 0, 0], "uv": [151, 151]}
					]
				},
				{
					"name": "ankle1",
					"parent": "shin1",
					"pivot": [-7, 29, 4],
					"cubes": [
						{"origin": [-11, 3, 4], "size": [8, 26, 7], "uv": [76, 138]}
					]
				},
				{
					"name": "foot1",
					"parent": "ankle1",
					"pivot": [-7, 4, 7],
					"cubes": [
						{"origin": [-11, 0, 2], "size": [8, 4, 9], "uv": [160, 122]}
					]
				}
			]
		}
	]
}