{
	"format_version": "1.12.0",
	"minecraft:geometry": [
		{
			"description": {
				"identifier": "geometry.coati",
				"texture_width": 128,
				"texture_height": 128,
				"visible_bounds_width": 10,
				"visible_bounds_height": 4,
				"visible_bounds_offset": [0, 1, 0]
			},
			"bones": [
				{
					"name": "bb_main",
					"pivot": [0, -2, 13]
				},
				{
					"name": "bone7",
					"parent": "bb_main",
					"pivot": [9.5, 17.25, 20.25],
					"cubes": [
						{"origin": [7, 19, 9], "size": [5, 11, 9], "pivot": [0, 5, -13], "rotation": [-20, 0, 0], "uv": [49, 50]},
						{"origin": [7, 5, 14], "size": [5, 3, 7], "pivot": [0, 5, -13], "rotation": [5, 0, 0], "uv": [86, 0]},
						{"origin": [7, 2, 15], "size": [5, 6, 5], "uv": [60, 96]},
						{"origin": [7, 0, 13], "size": [5, 2, 7], "uv": [17, 92]}
					]
				},
				{
					"name": "bone6",
					"parent": "bb_main",
					"pivot": [-2.5, 15.91314, 19.1883],
					"cubes": [
						{"origin": [-5, 19, 9], "size": [5, 11, 9], "pivot": [0, 5, -13], "rotation": [-20, 0, 0], "uv": [49, 21]},
						{"origin": [-5, 7.65254, 13.7532], "size": [5, 3, 7], "pivot": [-2.5, 9.15254, 17.2532], "rotation": [5, 0, 0], "uv": [63, 86]},
						{"origin": [-5, 2, 15], "size": [5, 6, 5], "uv": [0, 96]},
						{"origin": [-5, 0, 13], "size": [5, 2, 7], "uv": [41, 89]}
					]
				},
				{
					"name": "bone2",
					"parent": "bb_main",
					"pivot": [0, 14, 18],
					"cubes": [
						{"origin": [-3, 9, -5], "size": [13, 13, 16], "pivot": [0, 5, -13], "rotation": [5, 0, 0], "uv": [0, 30]},
						{"origin": [-3, 14, 5], "size": [13, 14, 16], "pivot": [0, 5, -13], "rotation": [-10, 0, 0], "uv": [0, 0]}
					]
				},
				{
					"name": "bone8",
					"parent": "bone2",
					"pivot": [4.75, 20, 24.5],
					"cubes": [
						{"origin": [1, 34, 11], "size": [5, 4, 8], "pivot": [0, 5, -13], "rotation": [-30, 0, 0], "uv": [22, 80]}
					]
				},
				{
					"name": "bone9",
					"parent": "bone8",
					"pivot": [3.75, 17, 29.5],
					"cubes": [
						{"origin": [1, 38, 14], "size": [5, 4, 10], "pivot": [0, 5, -13], "rotation": [-37.5, 0, 0], "uv": [66, 6]}
					]
				},
				{
					"name": "bone10",
					"parent": "bone9",
					"pivot": [3.75, 12, 37.25],
					"cubes": [
						{"origin": [1, 24, 32], "size": [5, 4, 9], "pivot": [0, 5, -13], "rotation": [-17.5, 0, 0], "uv": [77, 20]}
					]
				},
				{
					"name": "bone11",
					"parent": "bone10",
					"pivot": [2.75, 8.5, 42],
					"cubes": [
						{"origin": [1, 7, 43], "size": [5, 4, 10], "uv": [20, 63]}
					]
				},
				{
					"name": "bone12",
					"parent": "bone11",
					"pivot": [3.5, 9, 51],
					"cubes": [
						{"origin": [1, 2, 52], "size": [5, 4, 10], "pivot": [0, -2, -6], "rotation": [5, 0, 0], "uv": [0, 59]}
					]
				},
				{
					"name": "bone",
					"parent": "bone2",
					"pivot": [0, 19, -7],
					"cubes": [
						{"origin": [1, 16, -22], "size": [5, 3, 10], "uv": [0, 73]},
						{"origin": [1, 18, -15], "size": [5, 2, 3], "uv": [0, 0]},
						{"origin": [1, 19, -17], "size": [5, 2, 10], "pivot": [0, 5, -12], "rotation": [17.5, 0, 0], "uv": [40, 76]},
						{"origin": [2, 20, -7], "size": [3, 4, 1], "pivot": [0, 5, -13], "rotation": [10, 0, -10], "uv": [8, 8]},
						{"origin": [2, 21, -7], "size": [3, 4, 1], "pivot": [0, 5, -13], "rotation": [10, 0, 10], "uv": [0, 5]},
						{"origin": [-1, 14, -12], "size": [9, 8, 8], "uv": [42, 0]},
						{"origin": [-2, 16, -22], "size": [5, 1, 0], "pivot": [0, 5, -12], "rotation": [0, 0, -7.5], "uv": [0, 14]},
						{"origin": [-7, 18, -22], "size": [6, 1, 0], "pivot": [0, 5, -12], "rotation": [0, 0, 12.5], "uv": [0, 13]},
						{"origin": [4, 17, -22], "size": [5, 1, 0], "pivot": [0, 5, -12], "rotation": [0, 0, 7.5], "uv": [0, 15]},
						{"origin": [8, 17, -22], "size": [5, 1, 0], "pivot": [0, 5, -12], "rotation": [0, 0, -10], "uv": [0, 30]}
					]
				},
				{
					"name": "bone4",
					"parent": "bone",
					"pivot": [3.5, 15, -13],
					"cubes": [
						{"origin": [1, 14, -20], "size": [5, 2, 8], "uv": [77, 58]}
					]
				},
				{
					"name": "bone5",
					"parent": "bone2",
					"pivot": [9.5, 15.75, -0.875],
					"cubes": [
						{"origin": [7, 9, -5], "size": [5, 9, 8], "uv": [69, 69]},
						{"origin": [7, 6, -4], "size": [5, 3, 7], "pivot": [0, 5, -13], "rotation": [5, 0, 0], "uv": [87, 87]},
						{"origin": [7, 2, -3], "size": [5, 6, 5], "uv": [96, 10]},
						{"origin": [7, 0, -5], "size": [5, 2, 7], "uv": [94, 43]}
					]
				},
				{
					"name": "bone3",
					"parent": "bone2",
					"pivot": [-2.5, 14.75, -0.875],
					"cubes": [
						{"origin": [-5, 9, -5], "size": [5, 9, 8], "uv": [68, 41]},
						{"origin": [-5, 2, -3], "size": [5, 6, 5], "uv": [95, 52]},
						{"origin": [-5, 0, -5], "size": [5, 2, 7], "uv": [87, 68]},
						{"origin": [-5, 6, -4], "size": [5, 3, 7], "pivot": [0, 5, -13], "rotation": [5, 0, 0], "uv": [86, 33]}
					]
				}
			]
		}
	]
}