{
	"format_version": "1.12.0",
	"minecraft:geometry": [
		{
			"description": {
				"identifier": "geometry.cougar",
				"texture_width": 256,
				"texture_height": 256,
				"visible_bounds_width": 9,
				"visible_bounds_height": 3.5,
				"visible_bounds_offset": [0, 1.25, 0]
			},
			"bones": [
				{
					"name": "Cougar",
					"pivot": [0, 0, 0]
				},
				{
					"name": "Head",
					"parent": "Cougar",
					"pivot": [0, 14, -19],
					"cubes": [
						{"origin": [-2.5, 23, -19], "size": [12, 10, 8], "uv": [67, 75]},
						{"origin": [0, 25, -24], "size": [7, 3, 5], "uv": [72, 0]},
						{"origin": [1, 26, -21], "size": [5, 4, 6], "pivot": [0, 14, -19], "rotation": [12.5, 0, 0], "uv": [107, 78]},
						{"origin": [1, 23, -23], "size": [5, 2, 4], "uv": [0, 13]},
						{"origin": [-2, 30, -10], "size": [3, 4, 1], "pivot": [0, 14, -19], "rotation": [15, 0, 0], "uv": [41, 37]},
						{"origin": [6, 30, -10], "size": [3, 4, 1], "pivot": [0, 14, -19], "rotation": [15, 0, 0], "uv": [41, 32]}
					]
				},
				{
					"name": "Neck",
					"parent": "Cougar",
					"pivot": [0, 14, -19],
					"cubes": [
						{"origin": [-1, 25, -16], "size": [9, 9, 10], "pivot": [0, 14, -19], "rotation": [-12.5, 0, 0], "uv": [0, 85]},
						{"origin": [-0.5, 26, -20], "size": [8, 4, 13], "pivot": [0, 14, -19], "rotation": [-30, 0, 0], "uv": [43, 0]}
					]
				},
				{
					"name": "Tail",
					"parent": "Cougar",
					"pivot": [3.5, 20.2903, 16.06682],
					"cubes": [
						{"origin": [1, -27, 27], "size": [4, 8, 5], "pivot": [0, 14, -19], "rotation": [47.5, 0, 0], "uv": [0, 0]},
						{"origin": [1, 15.85886, 43.04781], "size": [4, 8, 4], "pivot": [3, 19.85886, 45.04781], "rotation": [27.5, 0, 0], "uv": [79, 113]},
						{"origin": [1, 9.2634, 46], "size": [4, 8, 4], "pivot": [3, 12.2634, 48.65341], "rotation": [17.5, 0, 0], "uv": [63, 113]},
						{"origin": [1, -47, 21.7], "size": [4, 9, 4], "pivot": [0, 14, -19], "rotation": [47.5, 0, 0], "uv": [111, 41]}
					]
				},
				{
					"name": "Body",
					"parent": "Cougar",
					"pivot": [0, 0, 0],
					"cubes": [
						{"origin": [-4, 17, -5], "size": [14, 15, 13], "uv": [49, 47]},
						{"origin": [-4, 27, 22], "size": [14, 15, 13], "pivot": [0, 14, -19], "rotation": [-12.5, 0, 0], "uv": [49, 19]},
						{"origin": [-3, 19, 8], "size": [12, 13, 19], "uv": [0, 0]},
						{"origin": [-2, 16.2903, 5.56682], "size": [10, 5, 21], "uv": [0, 32]}
					]
				},
				{
					"name": "Leg1",
					"parent": "Cougar",
					"pivot": [0, 14, -19],
					"cubes": [
						{"origin": [3, 16, -3], "size": [9, 11, 9], "uv": [58, 93]},
						{"origin": [6, 3, -1], "size": [5, 11, 5], "uv": [43, 111]},
						{"origin": [5, 0, -3], "size": [7, 3, 7], "uv": [0, 104]},
						{"origin": [5, 11, -2], "size": [7, 3, 7], "pivot": [0, 14, -19], "rotation": [7.5, 0, 0], "uv": [99, 68]}
					]
				},
				{
					"name": "Leg2",
					"parent": "Cougar",
					"pivot": [0, 14, -19],
					"cubes": [
						{"origin": [-4, 3, -1], "size": [5, 11, 5], "uv": [0, 32]},
						{"origin": [-5, 0, -3], "size": [7, 3, 7], "uv": [103, 31]},
						{"origin": [-5, 16, -3], "size": [9, 11, 9], "uv": [90, 0]},
						{"origin": [-5, 11, -2], "size": [7, 3, 7], "pivot": [0, 14, -19], "rotation": [7.5, 0, 0], "uv": [94, 93]}
					]
				},
				{
					"name": "Leg3",
					"parent": "Cougar",
					"pivot": [0, 14, -19],
					"cubes": [
						{"origin": [2, 30, 23], "size": [10, 11, 9], "pivot": [0, 14, -19], "rotation": [-17.5, 0, 0], "uv": [29, 75]},
						{"origin": [5, 0, 27], "size": [7, 3, 7], "uv": [94, 103]},
						{"origin": [6, 3, 29], "size": [5, 11, 5], "uv": [23, 109]},
						{"origin": [5, 7, 27], "size": [7, 4, 7], "pivot": [0, 14, -19], "rotation": [7.5, 0, 0], "uv": [90, 47]}
					]
				},
				{
					"name": "Leg4",
					"parent": "Cougar",
					"pivot": [0, 14, -19],
					"cubes": [
						{"origin": [-6, 15.02209, 27.31301], "size": [10, 11, 9], "pivot": [-1, 20.52209, 31.81301], "rotation": [-17.5, 0, 0], "uv": [0, 58]},
						{"origin": [-5, 3, 29], "size": [5, 11, 5], "uv": [38, 95]},
						{"origin": [-6, 0, 27], "size": [7, 3, 7], "uv": [103, 58]},
						{"origin": [-6, 13.50382, 27.22915], "size": [7, 4, 7], "pivot": [-2.5, 15.50382, 30.72915], "rotation": [7.5, 0, 0], "uv": [90, 20]}
					]
				}
			]
		}
	]
}