{
	"format_version": "1.12.0",
	"minecraft:geometry": [
		{
			"description": {
				"identifier": "geometry.shark",
				"texture_width": 128,
				"texture_height": 128,
				"visible_bounds_width": 5,
				"visible_bounds_height": 2.5,
				"visible_bounds_offset": [0, 0.75, 0]
			},
			"bones": [
				{
					"name": "Deepshark",
					"pivot": [0, 0, 0]
				},
				{
					"name": "bone",
					"parent": "Deepshark",
					"pivot": [0, 0, 0],
					"cubes": [
						{"origin": [-1.998, 8, -8], "size": [6.003, 5, 12], "uv": [0, 35]},
						{"origin": [1, 6, 13], "size": [0, 1, 2], "pivot": [0, 5, 15], "rotation": [-10, 0, 0], "uv": [6, 25]},
						{"origin": [-2, 4, -9], "size": [6.006, 4, 13], "uv": [0, 18]},
						{"origin": [1, 12, -4], "size": [0, 2, 5], "pivot": [0, 15, 0], "rotation": [12.5, 0, 0], "uv": [0, 13]},
						{"origin": [1, 14, -3], "size": [0, 1, 4], "pivot": [0, 15, 0], "rotation": [12.5, 0, 0], "uv": [0, 18]},
						{"origin": [1, 14, -2], "size": [0, 1, 1], "uv": [25, 21]},
						{"origin": [1, 15, -1], "size": [0, 1, 2], "pivot": [0, 15, 0], "rotation": [12.5, 0, 0], "uv": [6, 23]},
						{"origin": [1, 14, 0], "size": [0, 3, 1], "pivot": [0, 17, 0], "rotation": [5, 0, 0], "uv": [25, 17]},
						{"origin": [1, 13, -4], "size": [0, 1, 6], "pivot": [0, 13, -3], "rotation": [42.5, 0, 0], "uv": [0, 8]}
					]
				},
				{
					"name": "bone8",
					"parent": "bone",
					"pivot": [0, 10, -8],
					"cubes": [
						{"origin": [-2.001, 7, -15], "size": [6.002, 5, 8], "pivot": [0, 11, -13], "rotation": [10, 0, 0], "uv": [27, 0]},
						{"origin": [-2, 5, -15], "size": [6, 4, 7], "pivot": [0, 5, -14], "rotation": [-10, 0, 0], "uv": [36, 39]}
					]
				},
				{
					"name": "bone5",
					"parent": "bone8",
					"pivot": [0, 1, 0],
					"cubes": [
						{"origin": [4.009, 6, -9], "size": [0, 1, 6], "pivot": [3, 6, -7], "rotation": [-80, 0, 0], "uv": [0, 6]},
						{"origin": [4.01, 6, -10], "size": [0, 1, 4], "pivot": [3, 5, -9], "rotation": [-67.5, 0, 0], "uv": [0, 16]},
						{"origin": [4.008, 5, -11], "size": [0, 1, 6], "pivot": [3, 5, -9], "rotation": [-55, 0, 0], "uv": [0, 5]},
						{"origin": [2, 5, -11], "size": [0, 3, 1], "pivot": [3, 5, -9], "rotation": [-67.5, 0, 0], "uv": [10, 23]},
						{"origin": [2, 7, -10], "size": [0, 1, 2], "pivot": [3, 5, -9], "rotation": [-67.5, 0, 0], "uv": [4, 1]},
						{"origin": [2, 5, -10], "size": [0, 1, 1], "pivot": [3, 5, -9], "rotation": [-67.5, 0, 0], "uv": [12, 13]}
					]
				},
				{
					"name": "bone6",
					"parent": "bone8",
					"pivot": [-4, 1, 0],
					"cubes": [
						{"origin": [-2.002, 6, -9], "size": [0, 1, 6], "pivot": [-1, 6, -7], "rotation": [-80, 0, 0], "uv": [0, 4]},
						{"origin": [-2, 6, -10], "size": [0, 1, 4], "pivot": [-1, 5, -9], "rotation": [-67.5, 0, 0], "uv": [0, 0]},
						{"origin": [-2.001, 5, -11], "size": [0, 1, 6], "pivot": [-1, 5, -9], "rotation": [-55, 0, 0], "uv": [0, 0]},
						{"origin": [-2, 5, -11], "size": [0, 3, 1], "pivot": [-1, 5, -9], "rotation": [-67.5, 0, 0], "uv": [8, 19]},
						{"origin": [-2, 7, -10], "size": [0, 1, 2], "pivot": [-1, 5, -9], "rotation": [-67.5, 0, 0], "uv": [0, 1]},
						{"origin": [-2, 5, -10], "size": [0, 1, 1], "pivot": [-1, 5, -9], "rotation": [-67.5, 0, 0], "uv": [12, 5]}
					]
				},
				{
					"name": "bone2",
					"parent": "bone8",
					"pivot": [0, 9, -14],
					"cubes": [
						{"origin": [-1.997, 6, -18], "size": [6, 5, 4], "pivot": [0, 6, -18], "rotation": [-15, 0, 0], "uv": [50, 21]},
						{"origin": [-1.99, 8, -16], "size": [5.99, 1, 2], "pivot": [0, 9, -20], "rotation": [17.5, 0, 0], "uv": [0, 52]},
						{"origin": [-2, 15, -20], "size": [4, 1, 1], "pivot": [0, 10, -21], "rotation": [-75, 0, 0], "uv": [0, 23]},
						{"origin": [-2.001, 9, -21], "size": [6.006, 1, 7], "pivot": [0, 9, -20], "rotation": [17.5, 0, 0], "uv": [35, 13]},
						{"origin": [-1.996, 8, -20], "size": [6, 3, 3], "pivot": [0, 8, -20], "rotation": [-42.5, 0, 0], "uv": [24, 39]},
						{"origin": [-2, 9, -18], "size": [6, 1, 2], "pivot": [0, 6, -19], "rotation": [5, 0, 0], "uv": [44, 50]},
						{"origin": [-1.994, 8, -21], "size": [6, 1, 2], "pivot": [0, 8, -20], "rotation": [-32.5, 0, 0], "uv": [50, 30]},
						{"origin": [-2, 8, -21], "size": [6, 2, 1], "pivot": [0, 8, -20], "rotation": [-42.5, 0, 0], "uv": [0, 0]}
					]
				},
				{
					"name": "bone7",
					"parent": "bone",
					"pivot": [0, 11, 4],
					"cubes": [
						{"origin": [-2.005, 5, 3], "size": [6.007, 3, 15], "pivot": [0, 5, 8], "rotation": [12.5, 0, 0], "uv": [0, 0]},
						{"origin": [-2.001, 8, 3], "size": [6.004, 4, 13], "pivot": [0, 11, 9], "rotation": [-10, 0, 0], "uv": [25, 22]},
						{"origin": [-2.008, 8, 3], "size": [6.008, 2, 6], "pivot": [0, 5, 8], "rotation": [12.5, 0, 0], "uv": [47, 0]},
						{"origin": [1, 11, 13], "size": [0, 1, 2], "pivot": [0, 10, 15], "rotation": [17.5, 0, 0], "uv": [6, 24]},
						{"origin": [-2, 10, 15], "size": [6, 1, 2], "pivot": [0, 10, 15], "rotation": [-25, 0, 0], "uv": [16, 52]},
						{"origin": [1, 4, 6], "size": [0, 3, 3], "pivot": [0, 5, 8], "rotation": [-10, 0, 0], "uv": [0, 22]}
					]
				},
				{
					"name": "bone3",
					"parent": "bone7",
					"pivot": [0, 8, 17],
					"cubes": [
						{"origin": [-1, 7, 17], "size": [4, 3, 4], "uv": [32, 50]}
					]
				},
				{
					"name": "bone4",
					"parent": "bone3",
					"pivot": [0, 9, 20],
					"cubes": [
						{"origin": [1, 12, 19], "size": [0, 1, 9], "pivot": [0, 12, 24], "rotation": [35, 0, 0], "uv": [25, 12]},
						{"origin": [1, 11, 27], "size": [0, 1, 2], "pivot": [0, 10, 25], "rotation": [52.5, 0, 0], "uv": [10, 3]},
						{"origin": [1, 5, 17], "size": [0, 1, 7], "pivot": [0, 4, 23], "rotation": [-40, 0, 0], "uv": [0, 1]},
						{"origin": [1, 4, 18], "size": [0, 1, 7], "pivot": [0, 4, 23], "rotation": [-40, 0, 0], "uv": [0, 2]},
						{"origin": [1, 6, 17], "size": [0, 1, 6], "pivot": [0, 4, 23], "rotation": [-40, 0, 0], "uv": [0, 7]},
						{"origin": [1, 7, 17], "size": [0, 1, 4], "pivot": [0, 4, 23], "rotation": [-40, 0, 0], "uv": [0, 17]},
						{"origin": [1, 10, 23], "size": [0, 1, 7], "pivot": [0, 10, 25], "rotation": [57.5, 0, 0], "uv": [0, 0]},
						{"origin": [1, 3, 24], "size": [0, 6, 1], "pivot": [0, 6, 24], "rotation": [12.5, 0, 0], "uv": [10, 17]},
						{"origin": [1, 5, 23], "size": [0, 4, 1], "pivot": [0, 6, 24], "rotation": [12.5, 0, 0], "uv": [12, 9]},
						{"origin": [1, 11, 23], "size": [0, 1, 5], "pivot": [0, 10, 25], "rotation": [57.5, 0, 0], "uv": [0, 0]},
						{"origin": [1, 10, 21], "size": [0, 2, 3], "pivot": [0, 12, 24], "rotation": [35, 0, 0], "uv": [8, 0]}
					]
				}
			]
		}
	]
}