{
	"format_version": "1.12.0",
	"minecraft:geometry": [
		{
			"description": {
				"identifier": "geometry.elephant",
				"texture_width": 256,
				"texture_height": 256,
				"visible_bounds_width": 11,
				"visible_bounds_height": 7,
				"visible_bounds_offset": [0, 1.5, 0]
			},
			"bones": [
				{
					"name": "all",
					"pivot": [-7, 0, -18]
				},
				{
					"name": "body",
					"parent": "all",
					"pivot": [-7, 36, 16],
					"cubes": [
						{"origin": [-10, 27, -32], "size": [26, 27, 36], "uv": [0, 0]},
						{"origin": [-9, 27, 2], "size": [24, 26, 29], "pivot": [-10, 55, 10], "rotation": [-5, 0, 0], "uv": [0, 63]}
					]
				},
				{
					"name": "head",
					"parent": "body",
					"pivot": [-7, 48, -35],
					"cubes": [
						{"origin": [-6, 36, -49], "size": [18, 19, 18], "uv": [88, 100]}
					]
				},
				{
					"name": "trunk",
					"parent": "head",
					"pivot": [2, 42, -52],
					"cubes": [
						{"origin": [-1, 32, -51], "size": [8, 8, 10], "pivot": [0, 42, -43], "rotation": [-62.5, 0, 0], "uv": [0, 0]},
						{"origin": [-1, 30, -56], "size": [8, 10, 7], "pivot": [0, 40, -49], "rotation": [-35, 0, 0], "uv": [0, 18]}
					]
				},
				{
					"name": "trunk2",
					"parent": "trunk",
					"pivot": [0, 34, -58],
					"cubes": [
						{"origin": [-1, 22, -60], "size": [8, 13, 6], "pivot": [0, 35, -53], "rotation": [-12.5, 0, 0], "uv": [0, 63]}
					]
				},
				{
					"name": "trunk3",
					"parent": "trunk2",
					"pivot": [0, 26, -59],
					"cubes": [
						{"origin": [-1, 15, -62], "size": [8, 10, 5], "pivot": [0, 25, -57], "rotation": [10, 0, 0], "uv": [77, 77]},
						{"origin": [0, 6, -60], "size": [6, 9, 4], "pivot": [0, 15, -55], "rotation": [10, 0, 0], "uv": [106, 85]}
					]
				},
				{
					"name": "ear2",
					"parent": "head",
					"pivot": [13, 45, -40],
					"cubes": [
						{"origin": [12, 36, -40], "size": [21, 21, 1], "pivot": [13, 55, -40], "rotation": [0, 0, 15], "uv": [192, 82]}
					]
				},
				{
					"name": "ear1",
					"parent": "head",
					"pivot": [-6, 49, -40],
					"cubes": [
						{"origin": [-26, 30, -40], "size": [21, 21, 1], "pivot": [-25, 49, -40], "rotation": [0, 0, -20], "uv": [191, 21]}
					]
				},
				{
					"name": "tusk2",
					"parent": "head",
					"pivot": [-7, 37, -45],
					"cubes": [
						{"origin": [-6, 29, -47], "size": [5, 13, 5], "pivot": [-5, 38, -47], "rotation": [-42.5, 0, 10], "uv": [101, 16]},
						{"origin": [-6, 16, -51], "size": [3, 17, 4], "pivot": [-6, 33, -51], "rotation": [-65, 0, 12.5], "uv": [192, 104]}
					]
				},
				{
					"name": "tusk1",
					"parent": "head",
					"pivot": [10, 38, -47],
					"cubes": [
						{"origin": [7, 30, -47], "size": [5, 9, 5], "pivot": [8, 38, -47], "rotation": [-42.5, 0, -12.5], "uv": [77, 63]},
						{"origin": [10, 18, -54], "size": [3, 18, 4], "pivot": [10, 31, -54], "rotation": [-65, 0, -12.5], "uv": [58, 118]}
					]
				},
				{
					"name": "tail",
					"parent": "body",
					"pivot": [1, 46, 30],
					"cubes": [
						{"origin": [0, 31, 27], "size": [4, 16, 5], "pivot": [1, 46, 27], "rotation": [35, 0, 0], "uv": [88, 0]},
						{"origin": [0, 16, 36], "size": [4, 7, 6], "pivot": [0, 22, 37], "rotation": [7.5, 0, 0], "uv": [106, 0]},
						{"origin": [1, 21, 35], "size": [2, 16, 4], "pivot": [0, 36, 35], "rotation": [7.5, 0, 0], "uv": [96, 192]}
					]
				},
				{
					"name": "leg1",
					"parent": "body",
					"pivot": [18, 42, -16],
					"cubes": [
						{"origin": [8, 0, -24], "size": [14, 7, 15], "uv": [151, 152]},
						{"origin": [9, 7, -23], "size": [12, 17, 13], "uv": [142, 85]},
						{"origin": [9, 27, -26], "size": [12, 22, 17], "uv": [0, 118]},
						{"origin": [9, 20, -25], "size": [12, 8, 15], "pivot": [10, 27, -26], "rotation": [10, 0, 0], "uv": [0, 157]}
					]
				},
				{
					"name": "leg3",
					"parent": "body",
					"pivot": [-8, 43, -18],
					"cubes": [
						{"origin": [-16, 27, -26], "size": [12, 22, 17], "uv": [107, 46]},
						{"origin": [-16, 20, -25], "size": [12, 8, 15], "pivot": [-15, 27, -26], "rotation": [10, 0, 0], "uv": [153, 122]},
						{"origin": [-16, 7, -23], "size": [12, 17, 13], "uv": [116, 137]},
						{"origin": [-17, 0, -24], "size": [14, 7, 15], "uv": [148, 39]}
					]
				},
				{
					"name": "leg2",
					"parent": "all",
					"pivot": [16, 38, 22],
					"cubes": [
						{"origin": [9, 27, 13], "size": [12, 22, 17], "pivot": [10, 48, 13], "rotation": [-12.5, 0, 0], "uv": [58, 137]},
						{"origin": [9, 20, 10], "size": [12, 8, 13], "pivot": [10, 27, 8], "rotation": [10, 0, 0], "uv": [0, 184]},
						{"origin": [9, 7, 12], "size": [12, 17, 12], "uv": [152, 174]},
						{"origin": [8, 0, 11], "size": [14, 7, 14], "uv": [40, 176]}
					]
				},
				{
					"name": "leg4",
					"parent": "all",
					"pivot": [-19, 39, 18],
					"cubes": [
						{"origin": [-16, 0, 11], "size": [14, 7, 14], "uv": [165, 61]},
						{"origin": [-15, 7, 12], "size": [12, 17, 12], "uv": [104, 167]},
						{"origin": [-15, 20, 10], "size": [12, 8, 13], "pivot": [-14, 27, 8], "rotation": [10, 0, 0], "uv": [182, 0]},
						{"origin": [-15, 27, 13], "size": [12, 22, 17], "pivot": [-14, 48, 13], "rotation": [-12.5, 0, 0], "uv": [124, 0]}
					]
				}
			]
		}
	]
}