{
	"format_version": "1.12.0",
	"minecraft:geometry": [
		{
			"description": {
				"identifier": "geometry.giraffe",
				"texture_width": 256,
				"texture_height": 256,
				"visible_bounds_width": 11,
				"visible_bounds_height": 11,
				"visible_bounds_offset": [0, 3.5, 0]
			},
			"bones": [
				{
					"name": "bone",
					"pivot": [-2, 104, -44]
				},
				{
					"name": "leg1",
					"parent": "bone",
					"pivot": [11.75, 56.5, -10.125],
					"cubes": [
						{"origin": [9, 43, -16], "size": [6, 20, 13], "uv": [0, 138]},
						{"origin": [9, 22, -14], "size": [6, 22, 8], "uv": [162, 66]},
						{"origin": [9, 5, -13], "size": [5, 17, 6], "uv": [72, 170]},
						{"origin": [8, 0, -14], "size": [7, 5, 6], "uv": [170, 45]}
					]
				},
				{
					"name": "leg2",
					"parent": "bone",
					"pivot": [-9.75, 57.5, -10.125],
					"cubes": [
						{"origin": [-13, 43, -16], "size": [6, 20, 13], "uv": [109, 109]},
						{"origin": [-13, 22, -14], "size": [6, 22, 8], "uv": [78, 140]},
						{"origin": [-12, 5, -13], "size": [5, 17, 6], "uv": [0, 0]},
						{"origin": [-13, 0, -14], "size": [7, 5, 6], "uv": [94, 100]}
					]
				},
				{
					"name": "body",
					"parent": "bone",
					"pivot": [4, 132, -41],
					"cubes": [
						{"origin": [-12, 46, -17], "size": [26, 25, 16], "uv": [94, 0]},
						{"origin": [-10, 49, -3], "size": [22, 22, 25], "uv": [0, 0]},
						{"origin": [-10, 43, -3], "size": [22, 9, 25], "pivot": [-11, 51, -3], "rotation": [5, 0, 0], "uv": [63, 66]},
						{"origin": [-12, 45, 18], "size": [26, 26, 18], "pivot": [-11, 70, 18], "rotation": [-10, 0, 0], "uv": [0, 47]}
					]
				},
				{
					"name": "tail",
					"parent": "body",
					"pivot": [2, 62.5, 34],
					"cubes": [
						{"origin": [0, 41, 32], "size": [4, 26, 3], "pivot": [4, 66, 32], "rotation": [25, 0, 0], "uv": [150, 167]},
						{"origin": [-1, 31, 38], "size": [6, 12, 5], "pivot": [4, 51, 39], "rotation": [25, 0, 0], "uv": [132, 74]}
					]
				},
				{
					"name": "neck1",
					"parent": "body",
					"pivot": [0.66667, 60.09725, -11.89693],
					"cubes": [
						{"origin": [-6, 53.29176, -22.1908], "size": [14, 25, 15], "pivot": [1, 65.79176, -15.69078], "rotation": [20, 0, 0], "uv": [51, 100]},
						{"origin": [1, 85, -19], "size": [0, 5, 20], "pivot": [2, 85, -19], "rotation": [-55, 0, 0], "uv": [70, 27]}
					]
				},
				{
					"name": "neck2",
					"parent": "neck1",
					"pivot": [0.5, 78.29548, -21.51932],
					"cubes": [
						{"origin": [-5, 70.09095, -27.03864], "size": [12, 21, 12], "pivot": [1, 80.59095, -21.03864], "rotation": [17.5, 0, 0], "uv": [0, 105]}
					]
				},
				{
					"name": "neck3",
					"parent": "neck2",
					"pivot": [0.66667, 91.5475, -25.60948],
					"cubes": [
						{"origin": [-4, 89.64251, -31.32843], "size": [10, 21, 10], "pivot": [1, 100.14251, -26.32843], "rotation": [12.5, 0, 0], "uv": [38, 140]},
						{"origin": [1, 106, -25], "size": [0, 5, 33], "pivot": [2, 106, -25], "rotation": [-72.5, 0, 0], "uv": [0, 67]}
					]
				},
				{
					"name": "neck4",
					"parent": "neck3",
					"pivot": [0.66667, 107.33333, -26.83333],
					"cubes": [
						{"origin": [1, 126, -36], "size": [0, 4, 25], "pivot": [2, 126, -36], "rotation": [-60, 0, 0], "uv": [0, 66]},
						{"origin": [-3, 104, -40], "size": [8, 18, 8], "pivot": [5, 121, -41], "rotation": [32.5, 0, 0], "uv": [164, 164]}
					]
				},
				{
					"name": "head",
					"parent": "neck4",
					"pivot": [-0.125, 122.59204, -35.97793],
					"cubes": [
						{"origin": [-4, 117, -44], "size": [10, 10, 9], "uv": [166, 121]},
						{"origin": [-2, 120, -55], "size": [6, 4, 11], "uv": [69, 0]},
						{"origin": [-2, 121.87013, -53.43422], "size": [6, 4, 13], "pivot": [1, 122.87013, -46.93422], "rotation": [25, 0, 0], "uv": [165, 28]},
						{"origin": [2, 125, -41], "size": [2, 6, 2], "pivot": [3, 128, -40], "rotation": [-15, 0, 0], "uv": [10, 57]},
						{"origin": [-2, 125, -41], "size": [2, 6, 2], "pivot": [-1, 128, -40], "rotation": [-15, 0, 0], "uv": [69, 0]},
						{"origin": [-6, 122.93309, -38.4446], "size": [1, 7, 5], "pivot": [-5.5, 126.43309, -35.9446], "rotation": [-50, 0, -30], "uv": [0, 105]},
						{"origin": [7, 122.93309, -38.4446], "size": [1, 7, 5], "pivot": [7.5, 126.43309, -35.9446], "rotation": [-50, 0, 30], "uv": [0, 47]}
					]
				},
				{
					"name": "jaw",
					"parent": "head",
					"pivot": [1, 118.5, -43.5],
					"cubes": [
						{"origin": [-2, 117, -53], "size": [6, 3, 9], "uv": [70, 52]}
					]
				},
				{
					"name": "leg4",
					"parent": "body",
					"pivot": [-9.75, 53.5, 23.875],
					"cubes": [
						{"origin": [-13, 43, 21], "size": [6, 20, 13], "pivot": [-14, 66, 18], "rotation": [-12.5, 0, 0], "uv": [132, 41]},
						{"origin": [-13, 22, 19], "size": [6, 22, 8], "uv": [106, 142]},
						{"origin": [-12, 5, 20], "size": [5, 17, 6], "uv": [110, 41]},
						{"origin": [-13, 0, 19], "size": [7, 5, 6], "uv": [167, 96]}
					]
				},
				{
					"name": "leg3",
					"parent": "body",
					"pivot": [11.75, 57.5, 23.875],
					"cubes": [
						{"origin": [9, 43, 21], "size": [6, 20, 13], "pivot": [11, 66, 17], "rotation": [-12.5, 0, 0], "uv": [134, 134]},
						{"origin": [9, 22, 19], "size": [6, 22, 8], "uv": [147, 100]},
						{"origin": [9, 5, 20], "size": [5, 17, 6], "uv": [128, 167]},
						{"origin": [8, 0, 19], "size": [7, 5, 6], "uv": [162, 0]}
					]
				}
			]
		}
	]
}