{
	"format_version": "1.12.0",
	"minecraft:geometry": [
		{
			"description": {
				"identifier": "geometry.Grizzly",
				"texture_width": 256,
				"texture_height": 256,
				"visible_bounds_width": 11,
				"visible_bounds_height": 6,
				"visible_bounds_offset": [0, 1, 0]
			},
			"bones": [
				{
					"name": "bb_main2",
					"pivot": [0, 0, 0]
				},
				{
					"name": "bb_main",
					"pivot": [0, 0, 0]
				},
				{
					"name": "bone",
					"pivot": [5, 21, 33],
					"cubes": [
						{"origin": [-7, 19, -10], "size": [24, 22, 16], "uv": [0, 44]},
						{"origin": [-7, 19, 6], "size": [24, 21, 23], "uv": [0, 0]},
						{"origin": [-6, 15.86928, 19], "size": [22, 9, 18], "pivot": [5, 20.36928, 28.36428], "rotation": [12.5, 0, 0], "uv": [0, 85]},
						{"origin": [-6, 23, -13], "size": [22, 9, 18], "pivot": [0, 10, -27], "rotation": [-15, 0, 0], "uv": [76, 26]},
						{"origin": [-6, 16, 6], "size": [22, 8, 14], "pivot": [0, 10, -27], "rotation": [-2.5, 0, 0], "uv": [71, 0]},
						{"origin": [3, 15, 39], "size": [4, 9, 6], "pivot": [0, 10, -27], "rotation": [10, 0, 0], "uv": [0, 0]},
						{"origin": [-7, 28, 23], "size": [24, 21, 13], "pivot": [0, 10, -27], "rotation": [-10, 0, 0], "uv": [67, 69]}
					]
				},
				{
					"name": "bone2",
					"parent": "bone",
					"pivot": [14, 24, -2],
					"cubes": [
						{"origin": [9, 18, -9], "size": [10, 13, 12], "uv": [128, 53]},
						{"origin": [11, 3, -7], "size": [7, 13, 8], "uv": [28, 151]},
						{"origin": [10, 12, -8], "size": [8, 6, 10], "pivot": [0, 10, -27], "rotation": [2.5, 0, 0], "uv": [80, 53]},
						{"origin": [11, 0, -10], "size": [7, 3, 11], "uv": [58, 153]}
					]
				},
				{
					"name": "bone3",
					"parent": "bone",
					"pivot": [-9, 23, -3],
					"cubes": [
						{"origin": [-9, 18, -9], "size": [9, 13, 12], "uv": [129, 91]},
						{"origin": [-8, 12, -8], "size": [7, 6, 10], "pivot": [0, 10, -27], "rotation": [2.5, 0, 0], "uv": [152, 116]},
						{"origin": [-8, 3, -7], "size": [6, 13, 8], "uv": [0, 152]},
						{"origin": [-8, 0, -10], "size": [6, 3, 11], "uv": [156, 33]}
					]
				},
				{
					"name": "bone6",
					"parent": "bone",
					"pivot": [6, 28, -10],
					"cubes": [
						{"origin": [-2, 27.48318, -17.0295], "size": [14, 11, 9], "pivot": [5, 33.98318, -11.0295], "rotation": [15, 0, 0], "uv": [138, 13]},
						{"origin": [-2, 27, -27], "size": [14, 11, 12], "pivot": [0, 10, -27], "rotation": [-27.5, 0, 0], "uv": [0, 112]}
					]
				},
				{
					"name": "bone8",
					"parent": "bone6",
					"pivot": [6, 28, -15],
					"cubes": [
						{"origin": [-5, 32, -13], "size": [4, 4, 2], "pivot": [0, 10, -27], "rotation": [20, 0, 0], "uv": [0, 44]},
						{"origin": [-3, 24, -27], "size": [16, 14, 12], "uv": [68, 103]},
						{"origin": [11, 32, -13], "size": [4, 4, 2], "pivot": [0, 10, -27], "rotation": [20, 0, 0], "uv": [0, 15]},
						{"origin": [1, 30, -29], "size": [8, 3, 8], "pivot": [0, 10, -27], "rotation": [12.5, 0, 0], "uv": [159, 91]},
						{"origin": [1, 27, -35], "size": [8, 5, 8], "uv": [130, 159]}
					]
				},
				{
					"name": "bone7",
					"parent": "bone8",
					"pivot": [5, 25, -27],
					"cubes": [
						{"origin": [1, 24, -33], "size": [8, 3, 6], "uv": [106, 53]}
					]
				},
				{
					"name": "bone4",
					"pivot": [17, 24, 33],
					"cubes": [
						{"origin": [12, 28, 22], "size": [8, 17, 12], "pivot": [0, 10, -27], "rotation": [-12.5, 0, 0], "uv": [112, 117]},
						{"origin": [11, 8, 26], "size": [8, 7, 10], "pivot": [0, 10, -27], "rotation": [2.5, 0, 0], "uv": [80, 136]},
						{"origin": [12, 3, 27], "size": [7, 13, 8], "uv": [108, 146]},
						{"origin": [12, 0, 25], "size": [7, 3, 10], "uv": [141, 78]}
					]
				},
				{
					"name": "bone5",
					"pivot": [-6, 25, 36],
					"cubes": [
						{"origin": [-10, 28, 22], "size": [8, 16, 12], "pivot": [0, 10, -27], "rotation": [-12.5, 0, 0], "uv": [40, 123]},
						{"origin": [-9, 8, 26], "size": [8, 7, 10], "pivot": [0, 10, -27], "rotation": [2.5, 0, 0], "uv": [0, 135]},
						{"origin": [-9, 3, 27], "size": [7, 13, 8], "uv": [144, 138]},
						{"origin": [-9, 0, 25], "size": [7, 3, 10], "uv": [129, 0]}
					]
				}
			]
		}
	]
}