{
	"format_version": "1.12.0",
	"minecraft:geometry": [
		{
			"description": {
				"identifier": "geometry.hyena",
				"texture_width": 256,
				"texture_height": 256,
				"visible_bounds_width": 10,
				"visible_bounds_height": 5,
				"visible_bounds_offset": [0, 1.5, 0]
			},
			"bones": [
				{
					"name": "bone4",
					"pivot": [-2, 14, -36]
				},
				{
					"name": "leg2",
					"parent": "bone4",
					"pivot": [-6, 26.125, -13],
					"cubes": [
						{"origin": [-10, 17, -18], "size": [8, 13, 10], "pivot": [-2, 14, -36], "rotation": [2.5, 0, 0], "uv": [71, 88]},
						{"origin": [-9, 12, -17], "size": [6, 5, 8], "pivot": [-2, 14, -36], "rotation": [5, 0, 0], "uv": [115, 115]},
						{"origin": [-9, 2, -16], "size": [6, 13, 6], "uv": [0, 0]},
						{"origin": [-10, 0, -17], "size": [8, 4, 8], "uv": [0, 97]}
					]
				},
				{
					"name": "leg3",
					"parent": "bone4",
					"pivot": [11, 28, 17],
					"cubes": [
						{"origin": [5, 14.71724, 8.98457], "size": [8, 14, 11], "pivot": [11, 28, 17], "rotation": [-20, 0, 0], "uv": [33, 88]},
						{"origin": [6, 1.00035, 8.60707], "size": [6, 13, 6], "uv": [91, 115]},
						{"origin": [6, 12.67253, 4.9815], "size": [6, 7, 8], "pivot": [11, 28, 17], "rotation": [5, 0, 0], "uv": [63, 111]},
						{"origin": [5, 0, 7], "size": [8, 4, 8], "uv": [99, 103]}
					]
				},
				{
					"name": "leg4",
					"parent": "bone4",
					"pivot": [-6, 25, 12],
					"cubes": [
						{"origin": [-10, 32, 1], "size": [8, 14, 11], "pivot": [-2, 14, -36], "rotation": [-20, 0, 0], "uv": [77, 33]},
						{"origin": [-9, 8, 6], "size": [6, 7, 8], "pivot": [-2, 14, -36], "rotation": [5, 0, 0], "uv": [0, 109]},
						{"origin": [-9, 1.00035, 8.60707], "size": [6, 13, 6], "uv": [28, 113]},
						{"origin": [-10, 0, 7], "size": [8, 4, 8], "uv": [102, 80]}
					]
				},
				{
					"name": "leg1",
					"parent": "bone4",
					"pivot": [9.84615, 26.6539, -12.75276],
					"cubes": [
						{"origin": [5, 17, -18], "size": [8, 13, 10], "pivot": [-2, 14, -36], "rotation": [2.5, 0, 0], "uv": [101, 6]},
						{"origin": [6, 4, -16], "size": [6, 11, 6], "uv": [123, 92]},
						{"origin": [5, 0, -17], "size": [8, 4, 8], "uv": [104, 29]},
						{"origin": [6, 12, -17], "size": [6, 5, 8], "pivot": [-2, 14, -36], "rotation": [5, 0, 0], "uv": [117, 53]},
						{"origin": [2, 32, -3], "size": [0, 4, 12], "uv": [50, 32]}
					]
				},
				{
					"name": "bone",
					"parent": "bone4",
					"pivot": [-2, 25, 12]
				},
				{
					"name": "bone2",
					"parent": "bone",
					"pivot": [-2, 23, 13],
					"cubes": [
						{"origin": [-7, 20, -21], "size": [17, 17, 27], "pivot": [-2, 14, -36], "rotation": [-5, 0, 0], "uv": [0, 0]},
						{"origin": [-7.001, 13, 4], "size": [17.002, 17, 16], "pivot": [1.5, 24.5, 14], "rotation": [-20, 0, 0], "uv": [0, 44]},
						{"origin": [2, 40, -21], "size": [0, 6, 12], "pivot": [-2, 14, -36], "rotation": [-17.5, 0, 0], "uv": [0, 7]}
					]
				},
				{
					"name": "neck",
					"parent": "bone2",
					"pivot": [1, 30, -15],
					"cubes": [
						{"origin": [2, 40, -36], "size": [0, 6, 15], "pivot": [-2, 14, -36], "rotation": [-17.5, 0, 0], "uv": [61, 1]},
						{"origin": [-5.002, 26.29856, -29.95137], "size": [13.004, 11, 18], "pivot": [1.5, 31.79856, -20.95137], "rotation": [-17.5, 0, 0], "uv": [48, 59]},
						{"origin": [-5.001, 30, -39], "size": [13.002, 4, 12], "pivot": [-2, 14, -36], "rotation": [-32.5, 0, 0], "uv": [61, 0]}
					]
				},
				{
					"name": "head",
					"parent": "neck",
					"pivot": [-2, 35, -27],
					"cubes": [
						{"origin": [-5, 29, -36], "size": [13, 11, 9], "uv": [0, 77]},
						{"origin": [-7, 37, -25], "size": [6, 7, 1], "pivot": [-2, 14, -36], "rotation": [10, 0, 0], "uv": [0, 49]},
						{"origin": [4, 37, -25], "size": [6, 7, 1], "pivot": [-2, 14, -36], "rotation": [10, 0, 0], "uv": [50, 48]},
						{"origin": [2, 39, -34], "size": [0, 5, 8], "uv": [0, 36]},
						{"origin": [-2, 34, -38], "size": [7, 3, 9], "pivot": [-2, 14, -36], "rotation": [12.5, 0, 0], "uv": [92, 58]},
						{"origin": [-2, 31, -42], "size": [7, 4, 6], "uv": [115, 41]}
					]
				},
				{
					"name": "jaw",
					"parent": "head",
					"pivot": [-2, 30, -36],
					"rotation": [-2.5, 0, 0],
					"cubes": [
						{"origin": [-2, 29, -41], "size": [7, 2, 5], "uv": [121, 66]}
					]
				},
				{
					"name": "bb_main",
					"parent": "bone",
					"pivot": [1.5, 23.52211, 20.56681],
					"cubes": [
						{"origin": [0, 16.02499, 18.03813], "size": [3, 11, 4], "pivot": [1.5, 25.52499, 22.03813], "rotation": [22.5, 0, 0], "uv": [52, 122]},
						{"origin": [-1, 8.51924, 20.0955], "size": [5, 10, 6], "pivot": [1.5, 17.51924, 30.0955], "rotation": [10, 0, 0], "uv": [0, 124]}
					]
				}
			]
		}
	]
}