{
	"format_version": "1.12.0",
	"minecraft:geometry": [
		{
			"description": {
				"identifier": "geometry.impala",
				"texture_width": 256,
				"texture_height": 256,
				"visible_bounds_width": 12,
				"visible_bounds_height": 7.5,
				"visible_bounds_offset": [0, 3.25, 0]
			},
			"bones": [
				{
					"name": "Impala",
					"pivot": [-1, 58, -17]
				},
				{
					"name": "Head",
					"parent": "Impala",
					"pivot": [0, 41, -20],
					"cubes": [
						{"origin": [-4, 53, -19], "size": [13, 13, 8], "uv": [76, 137]},
						{"origin": [-0.979, 55, -29], "size": [6.98, 5, 11], "uv": [145, 90]},
						{"origin": [-1, 56.18485, -32.623], "size": [7, 5, 15], "pivot": [2.5, 60.68485, -26.62295], "rotation": [27.5, 0, 0], "uv": [62, 0]},
						{"origin": [-0.998, 53.36001, -29.98248], "size": [7.002, 3, 12], "pivot": [2.5, 55.36001, -23.98248], "rotation": [-2.5, 0, 0], "uv": [91, 0]},
						{"origin": [5, 63, -14], "size": [6, 9, 1], "pivot": [6, 62, -14], "rotation": [-7.5, 0, 50], "uv": [60, 49]},
						{"origin": [-9.03752, 60.3347, -13.54744], "size": [6, 9, 1], "pivot": [-6.03752, 63.83469, -13.04744], "rotation": [-10, 0, -52.5], "uv": [60, 39]},
						{"origin": [11, 63, -12], "size": [2, 12, 2], "pivot": [12, 76, -12], "rotation": [-22.5, 0, 30], "uv": [52, 82]},
						{"origin": [9, 78.06739, -3.5734], "size": [2, 15, 2], "pivot": [10, 85.56739, -1.5734], "rotation": [5, 0, 0], "uv": [8, 39]},
						{"origin": [9.5, 70.68345, -7.9], "size": [2, 12, 2], "pivot": [11, 76.68345, -6.81427], "rotation": [-65, -7.5, 0], "uv": [16, 39]},
						{"origin": [-7, 71.33634, -7.3], "size": [2, 12, 2], "pivot": [-7, 77.33634, -6.79471], "rotation": [-65, 7.5, 0], "uv": [62, 0]},
						{"origin": [-6, 78.6808, -3.47042], "size": [2, 15, 2], "pivot": [-5, 86.1808, -1.47042], "rotation": [5, 0, 0], "uv": [0, 39]},
						{"origin": [-8, 62.65538, -12.26746], "size": [2, 12, 2], "pivot": [-7, 75.15538, -11.26746], "rotation": [-22.5, 0, -30], "uv": [44, 82]}
					]
				},
				{
					"name": "Body",
					"parent": "Impala",
					"pivot": [-1, 76, -12],
					"cubes": [
						{"origin": [-3.5, 32, -18], "size": [12, 27, 10], "pivot": [-1, 58, -18], "rotation": [50, 0, 0], "uv": [0, 82]},
						{"origin": [-8, 31, 43], "size": [21, 24, 17], "pivot": [-8, 54, 43], "rotation": [-7.5, 0, 0], "uv": [69, 65]},
						{"origin": [-6.001, 38, 17], "size": [17.002, 17, 26], "uv": [0, 39]},
						{"origin": [-8, 30, 1.001], "size": [21, 25, 16.002], "uv": [74, 23]},
						{"origin": [-6, 30, 15], "size": [17, 11, 28], "pivot": [-8, 48, 15], "rotation": [7.5, 0, 0], "uv": [0, 0]},
						{"origin": [-3, 28, -15], "size": [11, 29, 9], "pivot": [-1, 56, -15], "rotation": [37.5, 0, 0], "uv": [44, 106]}
					]
				},
				{
					"name": "Tail",
					"parent": "Impala",
					"pivot": [-1, 58, -17],
					"cubes": [
						{"origin": [0, 38.52693, 56.28823], "size": [5, 14, 7], "pivot": [2.5, 45.52693, 61.78823], "rotation": [27.5, 0, 0], "uv": [0, 0]}
					]
				},
				{
					"name": "Leg1",
					"parent": "Impala",
					"pivot": [11, 44, 7],
					"rotation": [-2.5, 0, 0],
					"cubes": [
						{"origin": [9, -0.29011, 2.70457], "size": [7, 4, 8], "uv": [0, 162]},
						{"origin": [8, 32.70989, 1.70457], "size": [8, 19, 11], "uv": [132, 0]},
						{"origin": [9, 3.70989, 4.70457], "size": [7, 26, 6], "uv": [145, 58]},
						{"origin": [8, 27.70989, 3.70457], "size": [8, 5, 9], "pivot": [11, 27.70989, 0.70457], "rotation": [10, 0, 0], "uv": [92, 160]}
					]
				},
				{
					"name": "Leg4",
					"parent": "Impala",
					"pivot": [-5.25, 44, 49.925],
					"cubes": [
						{"origin": [-11, 33, 47], "size": [8, 20, 11], "pivot": [-8, 49, 46], "rotation": [-15, 0, 0], "uv": [0, 119]},
						{"origin": [-10, 4, 46], "size": [7, 26, 6], "uv": [32, 144]},
						{"origin": [-10, 0, 44], "size": [7, 4, 8], "uv": [160, 106]},
						{"origin": [-11, 28, 45], "size": [8, 5, 9], "pivot": [-8, 28, 42], "rotation": [10, 0, 0], "uv": [148, 44]}
					]
				},
				{
					"name": "Leg3",
					"parent": "Impala",
					"pivot": [13, 44, 52],
					"cubes": [
						{"origin": [9, 4, 46], "size": [7, 26, 6], "uv": [144, 137]},
						{"origin": [9, 0, 44], "size": [7, 4, 8], "uv": [160, 118]},
						{"origin": [8, 33, 47], "size": [8, 20, 11], "pivot": [11, 49, 46], "rotation": [-15, 0, 0], "uv": [122, 106]},
						{"origin": [8, 28, 45], "size": [8, 5, 9], "pivot": [11, 28, 42], "rotation": [10, 0, 0], "uv": [58, 158]}
					]
				},
				{
					"name": "Leg2",
					"parent": "Impala",
					"pivot": [-4.25, 44, 9],
					"cubes": [
						{"origin": [-11, 28, 3], "size": [8, 5, 9], "pivot": [-8, 28, 0], "rotation": [10, 0, 0], "uv": [148, 30]},
						{"origin": [-11, 33, 1], "size": [8, 20, 11], "uv": [84, 106]},
						{"origin": [-10, 0, 2], "size": [7, 4, 8], "uv": [0, 150]},
						{"origin": [-10, 4, 4], "size": [7, 26, 6], "uv": [118, 137]}
					]
				}
			]
		}
	]
}