{
	"format_version": "1.12.0",
	"minecraft:geometry": [
		{
			"description": {
				"identifier": "geometry.india",
				"texture_width": 512,
				"texture_height": 512,
				"visible_bounds_width": 21,
				"visible_bounds_height": 11,
				"visible_bounds_offset": [0, 1.5, 0]
			},
			"bones": [
				{
					"name": "Indianrhino",
					"pivot": [0, 0, 0]
				},
				{
					"name": "Head",
					"parent": "Indianrhino",
					"pivot": [0, 57, -37],
					"cubes": [
						{"origin": [-4, 51, -30], "size": [28, 28, 22], "pivot": [0, 74, -30], "rotation": [5, 0, 0], "uv": [165, 278]},
						{"origin": [-3, 75.80851, -20.78806], "size": [26, 7, 14], "pivot": [11, 78.30851, -13.78806], "rotation": [22.5, 0, 0], "uv": [75, 233]},
						{"origin": [4, 64, -61], "size": [12, 7, 10], "pivot": [8, 66, -61], "rotation": [12.5, 0, 0], "uv": [136, 114]},
						{"origin": [5, 69.77905, -58.8739], "size": [10, 10, 5], "uv": [51, 50]},
						{"origin": [-1, 46.70772, -65.66216], "size": [22, 21, 16], "pivot": [10, 56.20772, -57.66216], "rotation": [-12.5, 0, 0], "uv": [328, 35]},
						{"origin": [-3, 44.43177, -59.01465], "size": [26, 24, 32], "pivot": [10, 56.43177, -43.01465], "rotation": [-2.5, 0, 0], "uv": [132, 222]},
						{"origin": [-2, 44, -31], "size": [24, 14, 26], "pivot": [0, 57, -20], "rotation": [-17.5, 0, 0], "uv": [264, 141]},
						{"origin": [-1, 38.08276, -28.69157], "size": [22, 10, 26], "pivot": [10, 43.08276, -12.19157], "rotation": [-22.5, 0, 0], "uv": [265, 283]},
						{"origin": [-4, 71, -52], "size": [28, 9, 15], "pivot": [0, 88, -32], "rotation": [42.5, 0, 0], "uv": [313, 216]},
						{"origin": [0, 44.51024, -66.41316], "size": [20, 7, 6], "pivot": [10, 48.01024, -61.41316], "rotation": [-115, 0, 0], "uv": [136, 101]},
						{"origin": [-1, 74, -29], "size": [10, 17, 2], "pivot": [-1, 77, -23], "rotation": [12.5, 0, -27.5], "uv": [57, 0]},
						{"origin": [11, 79, -29], "size": [10, 14, 2], "pivot": [15, 79, -23], "rotation": [12.5, 0, 17.5], "uv": [0, 205]}
					]
				},
				{
					"name": "Body",
					"parent": "Indianrhino",
					"pivot": [15, 79, -23],
					"cubes": [
						{"origin": [-15, 40, -10], "size": [49, 45, 31], "pivot": [-11, 84, -14], "rotation": [2.5, 0, 0], "uv": [168, 0]},
						{"origin": [-13, 42, 20], "size": [46, 39, 40], "pivot": [-11, 86, 20], "rotation": [2.5, 0, 0], "uv": [132, 143]},
						{"origin": [-15, 37, 59], "size": [50, 46, 36], "pivot": [-11, 88, 59], "rotation": [-7.5, 0, 0], "uv": [0, 101]},
						{"origin": [-11, 32, -9], "size": [42, 10, 30], "pivot": [-11, 73, -14], "rotation": [2.5, 0, 0], "uv": [172, 101]},
						{"origin": [-11, 76, 20], "size": [42, 10, 40], "pivot": [-11, 120, 20], "rotation": [-7.5, 0, 0], "uv": [0, 183]},
						{"origin": [-11, 32.17028, 0.20953], "size": [42, 17, 84], "pivot": [10, 44.67028, 49.20953], "rotation": [2.5, 0, 0], "uv": [0, 0]}
					]
				},
				{
					"name": "Leg1",
					"parent": "Indianrhino",
					"pivot": [10, 44.67028, 49.20953],
					"cubes": [
						{"origin": [20, 0, -5], "size": [18, 8, 20], "pivot": [31, 27, -13], "rotation": [2.5, 0, 0], "uv": [70, 339]},
						{"origin": [20, 32, -8], "size": [18, 12, 23], "pivot": [31, 63, -14], "rotation": [2.5, 0, 0], "uv": [304, 181]},
						{"origin": [20, 8, -4], "size": [18, 25, 18], "pivot": [31, 52, -13], "rotation": [2.5, 0, 0], "uv": [147, 328]},
						{"origin": [14, 43, -10], "size": [25, 29, 25], "pivot": [31, 89, -14], "rotation": [2.5, 0, 0], "uv": [0, 233]}
					]
				},
				{
					"name": "Leg2",
					"parent": "Indianrhino",
					"pivot": [31, 89, -14],
					"cubes": [
						{"origin": [-18, 0, -5], "size": [17, 8, 20], "pivot": [-7, 27, -13], "rotation": [2.5, 0, 0], "uv": [340, 100]},
						{"origin": [-18, 8, -4], "size": [17, 25, 18], "pivot": [-7, 52, -13], "rotation": [2.5, 0, 0], "uv": [0, 331]},
						{"origin": [-19, 45, -9], "size": [17, 27, 23], "pivot": [-9, 91, -14], "rotation": [2.5, 0, 0], "uv": [0, 0]},
						{"origin": [-18, 33, -8], "size": [17, 12, 23], "pivot": [-7, 64, -14], "rotation": [2.5, 0, 0], "uv": [328, 0]}
					]
				},
				{
					"name": "Leg3",
					"parent": "Indianrhino",
					"pivot": [-7, 64, -14],
					"cubes": [
						{"origin": [-18, 0, 66], "size": [18, 8, 19], "pivot": [-9, 27, 58], "rotation": [2.5, 0, 0], "uv": [342, 128]},
						{"origin": [-18, 26, 64], "size": [15, 12, 21], "pivot": [-9, 57, 57], "rotation": [2.5, 0, 0], "uv": [0, 50]},
						{"origin": [-18, 4, 67], "size": [18, 22, 19], "pivot": [-9, 45, 58], "rotation": [2.5, 0, 0], "uv": [286, 76]},
						{"origin": [-18, 38, 68], "size": [19, 34, 27], "pivot": [-6, 84, 65], "rotation": [-7.5, 0, 0], "uv": [248, 222]},
						{"origin": [-17, 26, 63], "size": [17, 12, 23], "pivot": [-6, 57, 57], "rotation": [2.5, 0, 0], "uv": [242, 319]}
					]
				},
				{
					"name": "Leg4",
					"parent": "Indianrhino",
					"pivot": [-6, 84, 65],
					"cubes": [
						{"origin": [20, 0, 66], "size": [17, 8, 21], "pivot": [31, 27, 58], "rotation": [2.5, 0, 0], "uv": [335, 262]},
						{"origin": [20, 4, 67], "size": [17, 22, 19], "pivot": [31, 45, 58], "rotation": [2.5, 0, 0], "uv": [0, 287]},
						{"origin": [20, 26, 63], "size": [17, 12, 23], "pivot": [31, 57, 57], "rotation": [2.5, 0, 0], "uv": [322, 319]},
						{"origin": [19, 38, 68], "size": [19, 34, 27], "pivot": [31, 84, 65], "rotation": [-7.5, 0, 0], "uv": [73, 278]}
					]
				},
				{
					"name": "Tail",
					"parent": "Indianrhino",
					"pivot": [31, 84, 65],
					"cubes": [
						{"origin": [7, 49.9502, 89.55251], "size": [9, 25, 8], "pivot": [11.5, 65.4502, 95.55251], "rotation": [22.5, 0, 0], "uv": [0, 101]},
						{"origin": [8, 37.47172, 97.7726], "size": [7, 19, 5], "pivot": [11.5, 46.97172, 107.2726], "rotation": [12.5, 0, 0], "uv": [168, 0]},
						{"origin": [7, 28, 91], "size": [9, 13, 9], "pivot": [8, 51, 100], "rotation": [32.5, 0, 0], "uv": [0, 183]}
					]
				}
			]
		}
	]
}