{
	"format_version": "1.12.0",
	"minecraft:geometry": [
		{
			"description": {
				"identifier": "geometry.koala",
				"texture_width": 128,
				"texture_height": 128,
				"visible_bounds_width": 5,
				"visible_bounds_height": 3.5,
				"visible_bounds_offset": [0, 1.25, 0]
			},
			"bones": [
				{
					"name": "bone",
					"pivot": [-5, 0, -8]
				},
				{
					"name": "bone2",
					"parent": "bone",
					"pivot": [1, 24, -10],
					"cubes": [
						{"origin": [-7, 11, -9], "size": [14, 15, 15], "pivot": [7, 23, -9], "rotation": [-10, 0, 0], "uv": [0, 31]},
						{"origin": [-8, 8, 5], "size": [16, 16, 15], "pivot": [7, 21, 5], "rotation": [-10, 0, 0], "uv": [0, 0]}
					]
				},
				{
					"name": "bone3",
					"parent": "bone",
					"pivot": [7, 21, 5]
				},
				{
					"name": "leg3",
					"parent": "bone3",
					"pivot": [8, 17, 16],
					"cubes": [
						{"origin": [4, 7, 12], "size": [7, 10, 7], "pivot": [8, 15, 12], "rotation": [-22.5, 0, 0], "uv": [28, 65]},
						{"origin": [5, 2, 10], "size": [5, 7, 6], "pivot": [9, 8, 9], "rotation": [-5, 0, 0], "uv": [76, 35]},
						{"origin": [5, 0, 8], "size": [5, 2, 7], "uv": [17, 82]}
					]
				},
				{
					"name": "leg4",
					"parent": "bone3",
					"pivot": [-6, 17, 16],
					"cubes": [
						{"origin": [-11, 7, 12], "size": [7, 10, 7], "pivot": [-6, 15, 12], "rotation": [-22.5, 0, 0], "uv": [62, 0]},
						{"origin": [-10, 0, 8], "size": [5, 2, 7], "uv": [0, 79]},
						{"origin": [-10, 2, 10], "size": [5, 7, 6], "pivot": [-6, 8, 9], "rotation": [-5, 0, 0], "uv": [74, 17]}
					]
				},
				{
					"name": "leg1",
					"parent": "bone3",
					"pivot": [7, 16, -5],
					"cubes": [
						{"origin": [3, 8, -9], "size": [6, 10, 8], "pivot": [7, 16, -9], "rotation": [0, 0, -7.5], "uv": [0, 61]},
						{"origin": [4, 2, -8], "size": [5, 7, 6], "pivot": [8, 8, -9], "rotation": [-5, 0, 0], "uv": [78, 78]},
						{"origin": [4, 0, -10], "size": [5, 2, 7], "uv": [82, 48]}
					]
				},
				{
					"name": "leg2",
					"parent": "bone3",
					"pivot": [-5, 16, -5],
					"cubes": [
						{"origin": [-9, 8, -9], "size": [6, 10, 8], "pivot": [-5, 16, -9], "rotation": [0, 0, 15], "uv": [54, 23]},
						{"origin": [-10, 2, -8], "size": [5, 8, 6], "pivot": [-6, 8, -9], "rotation": [-5, 0, 0], "uv": [56, 72]},
						{"origin": [-10, 0, -10], "size": [5, 2, 7], "uv": [58, 41]}
					]
				},
				{
					"name": "head",
					"parent": "bone",
					"pivot": [-1, 23.5, -10.1],
					"cubes": [
						{"origin": [-6, 15, -16], "size": [12, 11, 9], "uv": [49, 52]},
						{"origin": [-3, 15, -18], "size": [6, 7, 4], "pivot": [-2, 14, -19], "rotation": [10, 0, 0], "uv": [41, 86]},
						{"origin": [-2, 17, -20], "size": [4, 5, 2], "uv": [0, 8]},
						{"origin": [-6, 24, -10], "size": [5, 5, 1], "pivot": [-5, 24, -10], "rotation": [0, 0, -30], "uv": [0, 31]},
						{"origin": [1, 24, -10], "size": [5, 7, 1], "pivot": [1, 24, -10], "rotation": [0, 0, 32.5], "uv": [0, 0]}
					]
				}
			]
		}
	]
}