{
	"format_version": "1.12.0",
	"minecraft:geometry": [
		{
			"description": {
				"identifier": "geometry.lemur",
				"texture_width": 256,
				"texture_height": 256,
				"visible_bounds_width": 12,
				"visible_bounds_height": 9,
				"visible_bounds_offset": [0, 2.5, 0]
			},
			"bones": [
				{
					"name": "all",
					"pivot": [-4, 0, -17]
				},
				{
					"name": "leg1",
					"parent": "all",
					"pivot": [-7, 31.91667, 20],
					"cubes": [
						{"origin": [-9, 17, 15], "size": [4, 21, 11], "pivot": [-7, 37, 15], "rotation": [-17.5, 0, 0], "uv": [72, 97]}
					]
				},
				{
					"name": "leg4",
					"parent": "leg1",
					"pivot": [-7, 15.8, 15.5],
					"cubes": [
						{"origin": [-9, 1, 10], "size": [4, 17, 9], "pivot": [-7, 17, 10], "rotation": [7.5, 0, 0], "uv": [113, 23]},
						{"origin": [-9, 0, 12], "size": [4, 3, 9], "uv": [46, 0]},
						{"origin": [-8, 0, 4], "size": [2, 2, 8], "uv": [132, 113]},
						{"origin": [-13, 0, 8], "size": [2, 2, 8], "pivot": [-19, 1, 4], "rotation": [0, 22.5, 0], "uv": [122, 81]},
						{"origin": [-3, 0, 2], "size": [2, 2, 9], "pivot": [-9, 1, -1], "rotation": [0, -17.5, 0], "uv": [107, 89]}
					]
				},
				{
					"name": "leg2",
					"parent": "all",
					"pivot": [5, 28.91667, 20],
					"cubes": [
						{"origin": [3, 17, 15], "size": [4, 21, 11], "pivot": [5, 37, 15], "rotation": [-17.5, 0, 0], "uv": [100, 57]}
					]
				},
				{
					"name": "leg3",
					"parent": "leg2",
					"pivot": [5, 14.8, 15.5],
					"cubes": [
						{"origin": [3, 1, 10], "size": [4, 17, 9], "pivot": [5, 17, 10], "rotation": [7.5, 0, 0], "uv": [52, 120]},
						{"origin": [3, 0, 12], "size": [4, 3, 9], "uv": [63, 3]},
						{"origin": [9, 0, 2], "size": [2, 2, 9], "pivot": [3, 1, -1], "rotation": [0, -17.5, 0], "uv": [116, 0]},
						{"origin": [-1, 0, 8], "size": [2, 2, 8], "pivot": [-7, 1, 4], "rotation": [0, 22.5, 0], "uv": [130, 3]},
						{"origin": [4, 0, 4], "size": [2, 2, 8], "uv": [134, 75]}
					]
				},
				{
					"name": "body",
					"parent": "all",
					"pivot": [-2, 32, 23],
					"cubes": [
						{"origin": [-8, 24, -22], "size": [14, 16, 18], "uv": [0, 0]},
						{"origin": [-7, 24, 11], "size": [12, 16, 13], "pivot": [-5, 39, 12], "rotation": [-7.5, 0, 0], "uv": [51, 21]},
						{"origin": [-6, 26, -4], "size": [10, 14, 18], "uv": [0, 34]},
						{"origin": [-5, 24, -7], "size": [8, 5, 19], "pivot": [-5, 37, -5], "rotation": [10, 0, 0], "uv": [37, 50]}
					]
				},
				{
					"name": "bone4",
					"parent": "body",
					"pivot": [-5, 11, 13]
				},
				{
					"name": "tail",
					"parent": "bone4",
					"pivot": [-1, 33.5, 20.85714],
					"cubes": [
						{"origin": [-4, 37, 35], "size": [6, 7, 16], "pivot": [-5, 33, 35], "rotation": [37.5, 0, 0], "uv": [0, 89]},
						{"origin": [-4, 31, 21], "size": [6, 7, 16], "pivot": [-5, 27, 21], "rotation": [22.5, 0, 0], "uv": [28, 97]},
						{"origin": [-4, 47, 48], "size": [6, 7, 16], "pivot": [-5, 43, 48], "rotation": [60, 0, 0], "uv": [88, 0]},
						{"origin": [-4, 63, 57], "size": [6, 7, 16], "pivot": [-5, 59, 57], "rotation": [97.5, 0, 0], "uv": [85, 34]},
						{"origin": [-4, 77, 56], "size": [6, 7, 16], "pivot": [-5, 73, 56], "rotation": [110, 0, 0], "uv": [72, 74]},
						{"origin": [-4, 92, 50], "size": [6, 7, 16], "pivot": [-5, 88, 50], "rotation": [147.5, 0, 0], "uv": [28, 74]},
						{"origin": [-4, 101, 33], "size": [6, 7, 16], "pivot": [-5, 97, 33], "rotation": [-160, 0, 0], "uv": [0, 66]}
					]
				},
				{
					"name": "bone5",
					"parent": "bone4",
					"pivot": [-5, 69, 49]
				},
				{
					"name": "arm2",
					"parent": "bone5",
					"pivot": [-8, 33.83333, -15],
					"cubes": [
						{"origin": [-10, 2, -14], "size": [4, 18, 8], "pivot": [-8, 19, -14], "rotation": [-2.5, 0, 0], "uv": [126, 126]},
						{"origin": [-10, 16, -20], "size": [4, 20, 9], "pivot": [-8, 35, -20], "rotation": [17.5, 0, 0], "uv": [0, 112]},
						{"origin": [-10, 0, -15], "size": [4, 2, 8], "uv": [80, 0]},
						{"origin": [-14, 0, -19], "size": [2, 2, 8], "pivot": [-20, 1, -23], "rotation": [0, 22.5, 0], "uv": [91, 97]},
						{"origin": [-9, 0, -23], "size": [2, 2, 8], "uv": [78, 132]},
						{"origin": [-4, 0, -24], "size": [2, 2, 9], "pivot": [-10, 1, -27], "rotation": [0, -17.5, 0], "uv": [56, 97]}
					]
				},
				{
					"name": "arm1",
					"parent": "bone5",
					"pivot": [6, 32.83333, -15],
					"cubes": [
						{"origin": [4, 16, -20], "size": [4, 20, 9], "pivot": [6, 35, -20], "rotation": [17.5, 0, 0], "uv": [26, 120]},
						{"origin": [4, 2, -14], "size": [4, 18, 8], "pivot": [6, 19, -14], "rotation": [-2.5, 0, 0], "uv": [130, 49]},
						{"origin": [4, 0, -15], "size": [4, 2, 8], "uv": [88, 23]},
						{"origin": [10, 0, -24], "size": [2, 2, 9], "pivot": [4, 1, -27], "rotation": [0, -17.5, 0], "uv": [120, 91]},
						{"origin": [5, 0, -23], "size": [2, 2, 8], "uv": [134, 85]},
						{"origin": [0, 0, -19], "size": [2, 2, 8], "pivot": [-6, 1, -23], "rotation": [0, 22.5, 0], "uv": [130, 15]}
					]
				},
				{
					"name": "neck",
					"parent": "body",
					"pivot": [-2, 36.5, -18],
					"cubes": [
						{"origin": [-5, 28, -28], "size": [8, 11, 8], "pivot": [4, 38, -31], "rotation": [47.5, 0, 0], "uv": [94, 121]}
					]
				},
				{
					"name": "head",
					"parent": "neck",
					"pivot": [-1.5, 42.5, -28.08333],
					"cubes": [
						{"origin": [-6, 37, -33], "size": [10, 10, 9], "uv": [102, 102]},
						{"origin": [-6, 43, -27], "size": [5, 7, 2], "pivot": [-5, 43, -27], "rotation": [0, 0, -37.5], "uv": [0, 0]},
						{"origin": [-1, 45, -27], "size": [5, 7, 2], "pivot": [0, 45, -27], "rotation": [0, 0, 37.5], "uv": [0, 9]},
						{"origin": [-4, 40, -39], "size": [6, 3, 7], "pivot": [-4, 39, -39], "rotation": [12.5, 0, 0], "uv": [72, 57]},
						{"origin": [-4, 39, -39], "size": [6, 3, 7], "uv": [56, 74]}
					]
				},
				{
					"name": "jaw",
					"parent": "head",
					"pivot": [-1, 38, -32],
					"cubes": [
						{"origin": [-3, 37, -38], "size": [4, 2, 6], "uv": [131, 102]}
					]
				}
			]
		}
	]
}