{
	"format_version": "1.12.0",
	"minecraft:geometry": [
		{
			"description": {
				"identifier": "geometry.musk",
				"texture_width": 256,
				"texture_height": 256,
				"visible_bounds_width": 7,
				"visible_bounds_height": 4.5,
				"visible_bounds_offset": [0, 1.75, 0]
			},
			"bones": [
				{
					"name": "bone",
					"pivot": [3, 9, -10],
					"rotation": [-180, -2.5, 180],
					"cubes": [
						{"origin": [0.5, 21, -12], "size": [14, 13, 13], "pivot": [3, 9, -10], "rotation": [-7.5, 0, 0], "uv": [87, 86]},
						{"origin": [2, 8.96117, -17.15048], "size": [0, 12, 18], "uv": [96, 94]},
						{"origin": [13, 8.34847, -18.05955], "size": [0, 13, 19], "uv": [58, 93]},
						{"origin": [-0.5, 33, -13], "size": [16, 7, 7], "pivot": [3, 9, -10], "rotation": [-7.5, 0, 0], "uv": [63, 0]},
						{"origin": [1.5, 21.92424, -4.05176], "size": [12, 8, 12], "pivot": [7.5, 24.92424, 1.44824], "rotation": [-62.5, 0, 0], "uv": [108, 47]},
						{"origin": [-1, 36.17135, -1.5], "size": [1, 4, 2], "pivot": [18.37513, 26.17135, -0.5], "rotation": [0, 0, -32.5], "uv": [56, 36]},
						{"origin": [13.28037, 27.83986, -2.08724], "size": [3, 6, 4], "pivot": [14.78037, 30.83986, -0.08724], "rotation": [0, 0, 150], "uv": [109, 0]},
						{"origin": [18.87513, 24.17135, -1.5], "size": [1, 4, 2], "pivot": [18.37513, 26.17135, -0.5], "rotation": [0, 0, 32.5], "uv": [63, 0]},
						{"origin": [14.55276, 25.8, -2], "size": [5, 2, 3], "pivot": [17.05276, 26.61974, -0.5], "rotation": [0, 0, 75], "uv": [56, 47]},
						{"origin": [1, 30.5, -3], "size": [13, 5, 6], "uv": [122, 22]},
						{"origin": [-3.35742, 26.87278, -2], "size": [5, 2, 3], "pivot": [-0.85742, 26.87278, -0.5], "rotation": [0, 0, -75], "uv": [0, 49]},
						{"origin": [-4, 14, -26], "size": [23, 19, 17], "uv": [0, 0]},
						{"origin": [-3, 30, -26], "size": [21, 11, 17], "uv": [63, 19]},
						{"origin": [-1, 34, -39], "size": [17, 9, 23], "pivot": [3, 9, -10], "rotation": [17.5, 0, 0], "uv": [51, 54]},
						{"origin": [-2, 17, -54], "size": [19, 19, 10], "uv": [0, 90]},
						{"origin": [-2, 14, -44], "size": [19, 23, 18], "uv": [0, 36]},
						{"origin": [2, 11.58004, 1.04919], "size": [11, 10, 0], "pivot": [7.5, 18.58004, -34.95081], "rotation": [-5, 0, 0], "uv": [108, 67]},
						{"origin": [-2, 5.58004, -52.95081], "size": [19, 16, 0], "uv": [36, 125]},
						{"origin": [6, 21.8819, -58.74546], "size": [3, 14, 3], "pivot": [7.5, 27.3819, -60.24546], "rotation": [-27.5, 0, 0], "uv": [0, 0]},
						{"origin": [5, 14.38291, -62.06758], "size": [5, 9, 4], "pivot": [7.5, 14.88291, -66.56758], "rotation": [-5, 0, 0], "uv": [0, 36]},
						{"origin": [-1, 7.96117, -45.15048], "size": [0, 13, 25], "uv": [50, 61]},
						{"origin": [16, 7.96117, -45.15048], "size": [0, 13, 25], "uv": [0, 52]},
						{"origin": [-1.20655, 28.29232, -2.08724], "size": [3, 6, 4], "pivot": [0.29345, 31.29232, -0.08724], "rotation": [0, 0, -150], "uv": [148, 0]},
						{"origin": [2, 32, -3], "size": [11, 5, 3], "uv": [144, 45]}
					]
				},
				{
					"name": "bone2",
					"parent": "bone",
					"pivot": [18, 24, -17],
					"cubes": [
						{"origin": [13, 15, -22], "size": [8, 12, 10], "uv": [0, 119]},
						{"origin": [13, 11, -22], "size": [7, 4, 8], "pivot": [3, 9, -10], "rotation": [-7.5, 0, 0], "uv": [128, 78]},
						{"origin": [14, 3, -21], "size": [5, 10, 6], "uv": [102, 146]},
						{"origin": [13, 0, -21], "size": [7, 4, 7], "uv": [58, 99]}
					]
				},
				{
					"name": "bone3",
					"parent": "bone",
					"pivot": [-3, 22, -15],
					"cubes": [
						{"origin": [-6, 15, -22], "size": [8, 12, 10], "uv": [86, 124]},
						{"origin": [-5, 11, -22], "size": [7, 4, 8], "pivot": [3, 9, -10], "rotation": [-7.5, 0, 0], "uv": [0, 141]},
						{"origin": [-4, 3, -21], "size": [5, 10, 6], "uv": [146, 142]},
						{"origin": [-5, 0, -21], "size": [7, 4, 7], "uv": [58, 141]}
					]
				},
				{
					"name": "bone4",
					"parent": "bone",
					"pivot": [-1, 23, -47],
					"cubes": [
						{"origin": [-3, 25, -48], "size": [8, 12, 10], "pivot": [3, 9, -10], "rotation": [15, 0, 0], "uv": [122, 114]},
						{"origin": [-2, 9, -52], "size": [7, 4, 8], "pivot": [3, 9, -10], "rotation": [-7.5, 0, 0], "uv": [139, 33]},
						{"origin": [-1, 4, -51], "size": [5, 11, 6], "uv": [80, 146]},
						{"origin": [-2, 0, -51], "size": [7, 4, 7], "uv": [30, 141]}
					]
				},
				{
					"name": "bone5",
					"parent": "bone",
					"pivot": [17, 22, -49],
					"cubes": [
						{"origin": [10, 15.70934, -52.56957], "size": [8, 12, 10], "pivot": [14, 21.70934, -47.56957], "rotation": [15, 0, 0], "uv": [122, 0]},
						{"origin": [10, 9, -52], "size": [7, 4, 8], "pivot": [3, 9, -10], "rotation": [-7.5, 0, 0], "uv": [122, 136]},
						{"origin": [11, 4, -51], "size": [5, 11, 6], "uv": [141, 90]},
						{"origin": [10, 0, -51], "size": [7, 4, 7], "uv": [131, 67]}
					]
				}
			]
		}
	]
}