{
	"format_version": "1.12.0",
	"minecraft:geometry": [
		{
			"description": {
				"identifier": "geometry.nyala_female",
				"texture_width": 256,
				"texture_height": 256,
				"visible_bounds_width": 9,
				"visible_bounds_height": 7,
				"visible_bounds_offset": [0, 1.5, 0]
			},
			"bones": [
				{
					"name": "Nyalafemale",
					"pivot": [0, 0, 0]
				},
				{
					"name": "Head",
					"parent": "Nyalafemale",
					"pivot": [0, 33, -21],
					"cubes": [
						{"origin": [-2.002, 40, -23], "size": [11.004, 11, 9], "uv": [38, 110]},
						{"origin": [0, 41.0917, -30.33156], "size": [7, 5, 9], "pivot": [3.5, 44.5917, -25.83156], "rotation": [-2.5, 0, 0], "uv": [69, 123]},
						{"origin": [-0.001, 44.3174, -30.43498], "size": [7.002, 4.9, 11], "pivot": [3.5, 43.81739, -24.93498], "rotation": [27.5, 0, 0], "uv": [53, 0]},
						{"origin": [9.79281, 49.24194, -18.96258], "size": [1, 6, 5], "pivot": [10.29281, 53.24194, -17.46258], "rotation": [-22.5, 35, 40], "uv": [7, 6]},
						{"origin": [-3.73211, 49.23965, -19.34527], "size": [1, 6, 5], "pivot": [-3.23211, 53.23965, -17.84527], "rotation": [-22.5, -35, -40], "uv": [0, 0]}
					]
				},
				{
					"name": "Neck",
					"parent": "Nyalafemale",
					"pivot": [0, 33, -21],
					"cubes": [
						{"origin": [-2, 46.62559, -21.01076], "size": [11, 16, 10], "pivot": [3.5, 52.12559, 3.98924], "rotation": [40, 0, 0], "uv": [48, 84]},
						{"origin": [-2.001, 27.07758, -9.3995], "size": [11.002, 15, 13], "pivot": [3.5, 34.57758, -2.8995], "rotation": [70, 0, 0], "uv": [0, 71]}
					]
				},
				{
					"name": "Body",
					"parent": "Nyalafemale",
					"pivot": [0, 33, -21],
					"cubes": [
						{"origin": [-5, 23, -3], "size": [17, 20, 19], "uv": [0, 0]},
						{"origin": [-5, 30, 26], "size": [17, 19, 13], "pivot": [0, 33, -21], "rotation": [-7.5, 0, 0], "uv": [0, 39]},
						{"origin": [-4.001, 30, 13], "size": [15.002, 13, 16], "uv": [44, 55]},
						{"origin": [-4, 19, 12], "size": [15, 11, 16], "pivot": [0, 33, -21], "rotation": [7.5, 0, 0], "uv": [56, 23]}
					]
				},
				{
					"name": "Tail",
					"parent": "Nyalafemale",
					"pivot": [0, 33, -21],
					"cubes": [
						{"origin": [1, 27.37435, 37.42256], "size": [5, 14, 6], "pivot": [3.5, 34.37435, 44.42256], "rotation": [25, 0, 0], "uv": [128, 89]}
					]
				},
				{
					"name": "Leg1",
					"parent": "Nyalafemale",
					"pivot": [0, 33, -21],
					"cubes": [
						{"origin": [9, 4, 2], "size": [5, 17, 5], "uv": [20, 125]},
						{"origin": [8, 0, 1], "size": [7, 4, 7], "uv": [40, 130]},
						{"origin": [7, 17, -1], "size": [8, 4, 9], "pivot": [0, 33, -21], "rotation": [7.5, 0, 0], "uv": [117, 76]},
						{"origin": [7, 23, 0], "size": [8, 15, 11], "uv": [106, 50]}
					]
				},
				{
					"name": "Leg2",
					"parent": "Nyalafemale",
					"pivot": [0, 0, 0],
					"cubes": [
						{"origin": [8, 0, 28], "size": [7, 4, 7], "uv": [129, 0]},
						{"origin": [7, 41, 26], "size": [8, 15, 11], "pivot": [0, 33, -21], "rotation": [-17.5, 0, 0], "uv": [102, 0]},
						{"origin": [9, 4, 29], "size": [5, 20, 5], "uv": [121, 123]},
						{"origin": [7, 17, 25], "size": [8, 4, 9], "pivot": [0, 33, -21], "rotation": [7.5, 0, 0], "uv": [112, 110]}
					]
				},
				{
					"name": "Leg3",
					"parent": "Nyalafemale",
					"pivot": [0, 0, 0],
					"cubes": [
						{"origin": [-7, 4, 29], "size": [5, 20, 5], "uv": [101, 123]},
						{"origin": [-7, 17, 26], "size": [8, 4, 9], "pivot": [0, 33, -21], "rotation": [7.5, 0, 0], "uv": [78, 110]},
						{"origin": [-7, 40, 26], "size": [8, 15, 11], "pivot": [0, 33, -21], "rotation": [-17.5, 0, 0], "uv": [0, 99]},
						{"origin": [-8, 0, 28], "size": [7, 4, 7], "uv": [118, 39]}
					]
				},
				{
					"name": "Leg4",
					"parent": "Nyalafemale",
					"pivot": [0, 33, -21],
					"cubes": [
						{"origin": [-8, 17, -1], "size": [8, 4, 9], "pivot": [0, 33, -21], "rotation": [7.5, 0, 0], "uv": [102, 26]},
						{"origin": [-7, 4, 2], "size": [5, 17, 5], "uv": [0, 125]},
						{"origin": [-8, 0, 1], "size": [7, 4, 7], "uv": [78, 0]},
						{"origin": [-8, 23, 0], "size": [8, 15, 11], "uv": [90, 84]}
					]
				}
			]
		}
	]
}