{
	"format_version": "1.12.0",
	"minecraft:geometry": [
		{
			"description": {
				"identifier": "geometry.adaxf",
				"texture_width": 256,
				"texture_height": 256,
				"visible_bounds_width": 9,
				"visible_bounds_height": 7,
				"visible_bounds_offset": [0, 1.5, 0]
			},
			"bones": [
				{
					"name": "bb_main",
					"pivot": [0, 0, 0],
					"cubes": [
						{"origin": [3, 37.88982, -3.31064], "size": [0, 10, 22], "uv": [0, 49]}
					]
				},
				{
					"name": "bone",
					"pivot": [0, 33, -21],
					"cubes": [
						{"origin": [-2.002, 37, -21], "size": [11.004, 11, 9], "uv": [92, 50]},
						{"origin": [0, 37.81277, -28.14336], "size": [7, 5, 8], "pivot": [3.5, 39.81277, -24.64336], "rotation": [-10, 0, 0], "uv": [114, 88]},
						{"origin": [-0.001, 40.31739, -30.43498], "size": [7.002, 5, 11], "pivot": [3.5, 43.81739, -24.93498], "rotation": [27.5, 0, 0], "uv": [53, 0]},
						{"origin": [10.47507, 45.15267, -15.19305], "size": [1, 7, 5], "pivot": [10.97507, 48.65267, -12.69305], "rotation": [-35, -2.5, 45], "uv": [7, 7]},
						{"origin": [-4.16028, 46.9417, -16.03454], "size": [1, 7, 5], "pivot": [-1.66028, 49.4417, -12.53454], "rotation": [-35, -2.5, -45], "uv": [0, 0]}
					]
				},
				{
					"name": "bone2",
					"parent": "bone",
					"pivot": [0, 33, -21],
					"cubes": [
						{"origin": [-1.001, 31.04352, -12.02265], "size": [9.002, 18, 9], "pivot": [3.5, 40.04352, -7.52265], "rotation": [65, 0, 0], "uv": [105, 101]},
						{"origin": [0, 13, -15], "size": [7, 21, 7], "pivot": [0, 33, -21], "rotation": [55, 0, 0], "uv": [0, 107]}
					]
				},
				{
					"name": "bone3",
					"parent": "bone2",
					"pivot": [0, 33, -21],
					"cubes": [
						{"origin": [-5, 23, -3], "size": [17, 20, 19], "uv": [0, 0]},
						{"origin": [-5, 31, 24], "size": [17, 18, 14], "pivot": [0, 33, -21], "rotation": [-7.5, 0, 0], "uv": [0, 39]},
						{"origin": [-4.001, 30, 13], "size": [15.002, 13.002, 15], "uv": [47, 56]},
						{"origin": [-4, 19, 12], "size": [15, 11, 15], "pivot": [0, 33, -21], "rotation": [7.5, 0, 0], "uv": [57, 24]}
					]
				},
				{
					"name": "bone4",
					"parent": "bone3",
					"pivot": [0, 33, -21],
					"cubes": [
						{"origin": [1, 24.73156, 37.65651], "size": [5, 16, 4], "pivot": [3.5, 33.73156, 43.65651], "rotation": [20, 0, 0], "uv": [0, 135]}
					]
				},
				{
					"name": "bone6",
					"pivot": [0, 27, 7],
					"cubes": [
						{"origin": [-8, 23, 0], "size": [8, 15, 11], "uv": [0, 81]},
						{"origin": [-8, 17, -1], "size": [8, 4, 9], "pivot": [0, 33, -21], "rotation": [7.5, 0, 0], "uv": [102, 26]},
						{"origin": [-7, 4, 2], "size": [5, 17, 5], "uv": [68, 123]},
						{"origin": [-8, 0, 1], "size": [7, 4, 7], "uv": [117, 39]}
					]
				},
				{
					"name": "bone7",
					"pivot": [12, 32, 3],
					"cubes": [
						{"origin": [7, 23, 0], "size": [8, 15, 11], "uv": [102, 0]},
						{"origin": [7, 17, -1], "size": [8, 4, 9], "pivot": [0, 33, -21], "rotation": [7.5, 0, 0], "uv": [62, 110]},
						{"origin": [9, 4, 2], "size": [5, 17, 5], "uv": [88, 123]},
						{"origin": [8, 0, 1], "size": [7, 4, 7], "uv": [108, 128]}
					]
				},
				{
					"name": "bone8",
					"pivot": [11.7, 28.2, 31],
					"cubes": [
						{"origin": [7, 38, 24], "size": [8, 15, 11], "pivot": [0, 33, -21], "rotation": [-17.5, 0, 0], "uv": [76, 84]},
						{"origin": [7, 14, 23], "size": [8, 4, 9], "pivot": [0, 33, -21], "rotation": [7.5, 0, 0], "uv": [28, 110]},
						{"origin": [9, 4, 27], "size": [5, 20, 5], "uv": [48, 123]},
						{"origin": [8, 0, 26], "size": [7, 4, 7], "uv": [125, 63]}
					]
				},
				{
					"name": "bone5",
					"pivot": [-5, 30, 31],
					"cubes": [
						{"origin": [-8, 22.23582, 25.42153], "size": [8, 15, 11], "pivot": [-4, 29.73582, 30.92153], "rotation": [-17.5, 0, 0], "uv": [38, 84]},
						{"origin": [-8, 0, 26], "size": [7, 4, 7], "uv": [78, 0]},
						{"origin": [-7, 4, 27], "size": [5, 20, 5], "uv": [28, 123]},
						{"origin": [-8, 14, 23], "size": [8, 4, 9], "pivot": [0, 33, -21], "rotation": [7.5, 0, 0], "uv": [103, 75]}
					]
				}
			]
		}
	]
}