{
	"format_version": "1.12.0",
	"minecraft:geometry": [
		{
			"description": {
				"identifier": "geometry.oryx",
				"texture_width": 256,
				"texture_height": 256,
				"visible_bounds_width": 10,
				"visible_bounds_height": 8,
				"visible_bounds_offset": [0, 2, 0]
			},
			"bones": [
				{
					"name": "bone",
					"pivot": [0, 32, -25],
					"cubes": [
						{"origin": [-2, 39, -25], "size": [12, 11, 10], "uv": [120, 71]},
						{"origin": [-2.4763, 54.88609, -16.9], "size": [2, 13, 2], "pivot": [-1.4763, 60.38609, -12.00049], "rotation": [-35, -12.5, 0], "uv": [40, 107]},
						{"origin": [6, 46.21642, -21.55611], "size": [3, 13, 3], "pivot": [7.5, 52.71642, -19.05611], "rotation": [-27.5, 15, 0], "uv": [0, 44]},
						{"origin": [8.11801, 56.93417, -15.3], "size": [2, 13, 2], "pivot": [9.11801, 63.43417, -13.58016], "rotation": [-35, 12.5, 0], "uv": [86, 98]},
						{"origin": [9.7, 65.09507, -8.6], "size": [2, 17, 2], "pivot": [9.5, 71.59507, -5.94058], "rotation": [-40, 12.5, 0], "uv": [52, 143]},
						{"origin": [-1, 36.88815, -17.93594], "size": [10, 11, 15], "pivot": [4, 41.88815, -10.93594], "rotation": [-20, 0, 0], "uv": [51, 98]},
						{"origin": [-4, 64.82454, -8], "size": [2, 17, 2], "pivot": [-1.5, 72.32454, -5.15952], "rotation": [-40, -12.5, 0], "uv": [84, 142]},
						{"origin": [0, 31.0937, -20.14567], "size": [8, 12, 22], "pivot": [4, 37.0937, -10.64567], "rotation": [-45, 0, 0], "uv": [62, 22]},
						{"origin": [-1, 46.21642, -21.55611], "size": [3, 13, 3], "pivot": [0.5, 52.71642, -19.05611], "rotation": [-27.5, -15, 0], "uv": [0, 82]},
						{"origin": [-0.001, 41.35948, -36.86525], "size": [8.002, 6, 13], "pivot": [4, 46.35948, -29.36525], "rotation": [27.5, 0, 0], "uv": [27, 124]},
						{"origin": [0, 38.3, -34], "size": [8, 4, 10], "pivot": [4, 40.5, -29.5], "rotation": [7.5, 0, 0], "uv": [62, 0]},
						{"origin": [14, 41, -18], "size": [6, 6, 1], "pivot": [0, 32, -25], "rotation": [0, 0, -20], "uv": [72, 56]},
						{"origin": [-11, 44, -18], "size": [6, 6, 1], "pivot": [0, 32, -25], "rotation": [0, 0, 15], "uv": [62, 14]},
						{"origin": [2, 26.76815, 42.97858], "size": [4, 14, 4], "pivot": [4, 33.76815, 47.97858], "rotation": [20, 0, 0], "uv": [114, 141]},
						{"origin": [1, 15.28519, 45.28128], "size": [6, 14, 6], "pivot": [4, 19.28519, 59.28128], "rotation": [5, 0, 0], "uv": [0, 134]}
					]
				},
				{
					"name": "bone2",
					"parent": "bone",
					"pivot": [0, 32, -25],
					"cubes": [
						{"origin": [-6, 23, -6], "size": [20, 22, 22], "uv": [0, 0]},
						{"origin": [-6, 35, 25], "size": [20, 22, 16], "pivot": [0, 32, -25], "rotation": [-12.5, 0, 0], "uv": [0, 44]},
						{"origin": [-4, 29, 16], "size": [16, 16, 16], "uv": [56, 66]},
						{"origin": [-4.001, 18, 14], "size": [16.002, 8, 17], "pivot": [0, 32, -25], "rotation": [7.5, 0, 0], "uv": [0, 82]},
						{"origin": [-1, 41, -2], "size": [10, 13, 5], "pivot": [4.5, 46, -2.5], "rotation": [-75, 0, 0], "uv": [69, 124]},
						{"origin": [-1, 43.45684, 4.02994], "size": [10, 5, 11], "pivot": [4, 44.95684, 1.52994], "rotation": [-17.5, 0, 0], "uv": [100, 27]}
					]
				},
				{
					"name": "bone3",
					"parent": "bone2",
					"pivot": [0, 32, -25]
				},
				{
					"name": "bone4",
					"pivot": [3.325, 28.425, 7.875],
					"cubes": [
						{"origin": [-9, 23, -2.8], "size": [8, 15, 12], "uv": [101, 98]},
						{"origin": [-8, 17, -2.8], "size": [6, 6, 10], "pivot": [0, 32, -24.8], "rotation": [5, 0, 0], "uv": [99, 125]},
						{"origin": [-7, 4, 0.2], "size": [5, 16, 5], "uv": [94, 141]},
						{"origin": [-8, 0, -0.8], "size": [7, 4, 7], "uv": [24, 143]},
						{"origin": [9, 23, -2.8], "size": [8, 15, 12], "uv": [110, 44]},
						{"origin": [10, 4, 0.2], "size": [5, 16, 5], "uv": [64, 142]},
						{"origin": [9, 0, -0.8], "size": [7, 4, 7], "uv": [146, 146]},
						{"origin": [10, 17, -2.8], "size": [6, 6, 10], "pivot": [0, 32, -24.8], "rotation": [5, 0, 0], "uv": [131, 115]}
					]
				},
				{
					"name": "bone5",
					"pivot": [4.45, 24.7, 36.2],
					"cubes": [
						{"origin": [-9, 20.85546, 27.03419], "size": [8, 15, 12], "pivot": [-5, 28.35546, 33.03419], "rotation": [-15, 0, 0], "uv": [0, 107]},
						{"origin": [-8, 16.94541, 27.26855], "size": [6, 6, 10], "pivot": [-5, 19.94541, 32.26855], "rotation": [5, 0, 0], "uv": [129, 92]},
						{"origin": [-7, 4, 30], "size": [5, 16, 6], "uv": [0, 0]},
						{"origin": [-8, 0, 29], "size": [7, 4, 8], "uv": [128, 0]},
						{"origin": [9, 37, 26], "size": [8, 15, 12], "pivot": [0, 32, -25], "rotation": [-15, 0, 0], "uv": [100, 0]},
						{"origin": [10, 12, 27], "size": [6, 6, 10], "pivot": [0, 32, -25], "rotation": [5, 0, 0], "uv": [131, 17]},
						{"origin": [10, 4, 31], "size": [5, 16, 6], "uv": [131, 131]},
						{"origin": [9, 0, 30], "size": [7, 4, 8], "uv": [138, 35]}
					]
				},
				{
					"name": "bone6",
					"pivot": [0, 0, 0]
				}
			]
		}
	]
}