{
	"format_version": "1.12.0",
	"minecraft:geometry": [
		{
			"description": {
				"identifier": "geometry.owl",
				"texture_width": 128,
				"texture_height": 128,
				"visible_bounds_width": 6,
				"visible_bounds_height": 4,
				"visible_bounds_offset": [0, 1, 0]
			},
			"bones": [
				{
					"name": "bb_main",
					"pivot": [5, 6, 0],
					"rotation": [7.5, 0, 0],
					"cubes": [
						{"origin": [4, 2, -3], "size": [2, 5, 2], "pivot": [-3, 10, -8], "rotation": [17.5, 0, 0], "uv": [46, 57]},
						{"origin": [4, 2, 0], "size": [2, 5, 2], "pivot": [-3, 10, -8], "rotation": [-10, 0, 0], "uv": [38, 57]},
						{"origin": [4, 0, -5], "size": [2, 1, 5], "uv": [55, 0]},
						{"origin": [-1, 0, -2], "size": [2, 1, 5], "pivot": [-3, 10, -8], "rotation": [0, 27.5, 0], "uv": [52, 52]},
						{"origin": [7, 0, -9], "size": [2, 1, 7], "pivot": [-3, 10, -8], "rotation": [0, -22.5, 0], "uv": [34, 0]}
					]
				},
				{
					"name": "bone7",
					"parent": "bb_main",
					"pivot": [-5, 6, 0],
					"cubes": [
						{"origin": [-6, 2, 0], "size": [2, 5, 2], "pivot": [-3, 10, -8], "rotation": [-10, 0, 0], "uv": [45, 0]},
						{"origin": [-6, 2, -3], "size": [2, 5, 2], "pivot": [-3, 10, -8], "rotation": [17.5, 0, 0], "uv": [11, 42]},
						{"origin": [-10, 0, -7], "size": [2, 1, 5], "pivot": [-3, 10, -8], "rotation": [0, 32.5, 0], "uv": [43, 51]},
						{"origin": [-6, 0, -5], "size": [2, 1, 5], "uv": [48, 45]},
						{"origin": [-1, 0, -6], "size": [2, 1, 7], "pivot": [-3, 10, -8], "rotation": [0, -32.5, 0], "uv": [29, 25]}
					]
				},
				{
					"name": "bone",
					"pivot": [0, 0, 0],
					"cubes": [
						{"origin": [-5, 22, -8], "size": [10, 8, 9], "uv": [0, 25]},
						{"origin": [-5, 19, -8], "size": [10, 3, 8], "uv": [30, 34]},
						{"origin": [-6, 3, -4], "size": [12, 15, 10], "pivot": [-3, 10, -8], "rotation": [25, 0, 0], "uv": [0, 0]},
						{"origin": [-0.5, 23.15946, -8.6], "size": [1, 2, 2], "pivot": [0, 24.15946, -8.04169], "rotation": [-25, 0, 0], "uv": [61, 49]}
					]
				},
				{
					"name": "bone2",
					"parent": "bone",
					"pivot": [-6, 21, -1.675],
					"rotation": [-5, 0, 0],
					"cubes": [
						{"origin": [-7.625, 2.35, -2.675], "size": [1, 14, 9], "pivot": [-3, 10, -9.675], "rotation": [27.26412, -2.77217, 6.99503], "uv": [44, 0]}
					]
				},
				{
					"name": "bone3",
					"parent": "bone2",
					"pivot": [-17, 24, -4.675],
					"rotation": [0, 0, 5],
					"cubes": [
						{"origin": [-7.57354, -4.36085, -6.77998], "size": [1, 7, 2], "pivot": [9.55146, 24.51415, -17.87998], "rotation": [24.97911, 1.05627, -2.26603], "uv": [0, 42]},
						{"origin": [-9.11059, -5.06937, -9.57505], "size": [1, 9, 2], "pivot": [6.88941, 26.93063, -16.80005], "rotation": [24.91643, 2.11089, -4.5336], "uv": [32, 56]},
						{"origin": [-7.72499, 0.43484, -3.45852], "size": [1, 3, 1], "pivot": [8.27501, 26.43484, -16.45852], "rotation": [24.97472, 1.16183, -2.49269], "uv": [6, 5]},
						{"origin": [-7.82872, -1.50653, -5.48586], "size": [1, 5, 2], "pivot": [8.17128, 26.49347, -16.48586], "rotation": [24.96992, 1.26738, -2.71937], "uv": [40, 25]}
					]
				},
				{
					"name": "bone4",
					"parent": "bone",
					"pivot": [6.15, 20.2, -0.825],
					"rotation": [-4.75, 0, 0],
					"cubes": [
						{"origin": [6.55, 2.56461, -3.39758], "size": [1, 14, 9], "pivot": [-3, 9.51461, -10.39758], "rotation": [24.88948, 2.4267, -5.21439], "uv": [0, 42]}
					]
				},
				{
					"name": "bone5",
					"parent": "bone4",
					"pivot": [16.75, 24.71461, -5.27258],
					"cubes": [
						{"origin": [6.60875, -6.70574, -12.15467], "size": [1, 8, 2], "pivot": [-11.39125, 28.29426, -19.15467], "rotation": [24.99478, 0.52824, -1.13291], "uv": [0, 0]},
						{"origin": [5.69469, -6.39125, -9.83501], "size": [1, 7, 2], "pivot": [-13.30531, 27.60875, -18.83501], "rotation": [24.96469, 1.3729, -2.94606], "uv": [0, 25]},
						{"origin": [6.03454, -5.13821, -7.953], "size": [1, 6, 2], "pivot": [-12.96546, 27.86179, -18.953], "rotation": [24.97911, 1.05627, -2.26602], "uv": [20, 58]},
						{"origin": [7.19323, -2.32427, -6.33255], "size": [1, 4, 1], "pivot": [-11.80677, 28.67573, -19.33255], "rotation": [25, 0, 0], "uv": [6, 0]}
					]
				},
				{
					"name": "bone6",
					"parent": "bone",
					"pivot": [0, 10, 7],
					"cubes": [
						{"origin": [-3, -6, 5], "size": [6, 12, 1], "pivot": [-3, 10, -8], "rotation": [23.66235, -8.31087, 18.25612], "uv": [20, 45]},
						{"origin": [-3, -12, 5], "size": [2, 6, 1], "pivot": [-3, 10, -8], "rotation": [23.66235, -8.31087, 18.25612], "uv": [34, 0]},
						{"origin": [-1, -11, 5], "size": [2, 5, 1], "pivot": [-3, 10, -8], "rotation": [23.66235, -8.31087, 18.25612], "uv": [58, 34]},
						{"origin": [1, -10, 5], "size": [2, 4, 1], "pivot": [-3, 10, -8], "rotation": [23.66235, -8.31087, 18.25612], "uv": [61, 23]},
						{"origin": [-5, -10, 5], "size": [2, 4, 1], "pivot": [-3, 10, -8], "rotation": [24.91643, 2.11089, -4.53359], "uv": [60, 58]},
						{"origin": [-2.87459, -0.87384, 9.13462], "size": [6, 10, 1], "pivot": [0.12541, 4.12616, 9.63462], "rotation": [24.9164, 2.1109, -4.5336], "uv": [47, 23]},
						{"origin": [-3, -9, 5], "size": [2, 2, 1], "pivot": [-3, 10, -8], "rotation": [24.91643, 2.11089, -4.53359], "uv": [19, 42]},
						{"origin": [-1, -10, 5], "size": [2, 3, 1], "pivot": [-3, 10, -8], "rotation": [24.91643, 2.11089, -4.53359], "uv": [61, 28]},
						{"origin": [1, -11, 5], "size": [2, 4, 1], "pivot": [-3, 10, -8], "rotation": [24.91643, 2.11089, -4.53359], "uv": [54, 58]},
						{"origin": [-5, -12, 5], "size": [2, 4, 1], "pivot": [-3, 10, -8], "rotation": [22.47096, 11.2531, -25.25766], "uv": [57, 45]},
						{"origin": [-3, -13, 5], "size": [2, 5, 1], "pivot": [-3, 10, -8], "rotation": [22.47096, 11.2531, -25.25766], "uv": [26, 58]},
						{"origin": [-5, -8, 5], "size": [6, 10, 1], "pivot": [-3, 10, -8], "rotation": [22.47096, 11.2531, -25.25766], "uv": [34, 45]},
						{"origin": [-1, -14, 5], "size": [2, 6, 1], "pivot": [-3, 10, -8], "rotation": [22.47096, 11.2531, -25.25766], "uv": [29, 25]}
					]
				}
			]
		}
	]
}