{
	"format_version": "1.12.0",
	"minecraft:geometry": [
		{
			"description": { 
				"identifier": "geometry.raccon",
				"texture_width": 128,
				"texture_height": 128,
				"visible_bounds_width": 7,
				"visible_bounds_height": 3.5,
				"visible_bounds_offset": [0, 1.25, 0]
			},
			"bones": [
				{
					"name": "head",
					"pivot": [3.5, 17, -2],
					"cubes": [
						{"origin": [-1, 13, -7], "size": [10, 9, 9], "uv": [49, 18]},
						{"origin": [2, 15, -14], "size": [4, 3, 7], "pivot": [2, 22, -17], "rotation": [7.5, 0, 0], "uv": [0, 67]},
						{"origin": [2, 14, -13], "size": [4, 3, 7], "uv": [64, 36]},
						{"origin": [-1, 20, 0], "size": [4, 6, 1], "pivot": [0, 21, 0], "rotation": [17.5, 0, -22.5], "uv": [0, 0]},
						{"origin": [5, 21, 0], "size": [4, 5, 1], "pivot": [6, 21, 0], "rotation": [12.5, 0, 15], "uv": [0, 7]}
					]
				},
				{
					"name": "leg1",
					"pivot": [0, 15, 6],
					"cubes": [
						{"origin": [8, 11, 3], "size": [4, 8, 6], "uv": [64, 64]},
						{"origin": [8, 8, 3], "size": [4, 3, 5], "pivot": [9, 14, 3], "rotation": [5, 0, 0], "uv": [80, 46]},
						{"origin": [8, 2, 4], "size": [4, 7, 4], "uv": [70, 78]},
						{"origin": [8, 0, 2], "size": [4, 2, 6], "uv": [73, 8]}
					]
				},
				{
					"name": "leg2",
					"pivot": [0, 15, 6],
					"cubes": [
						{"origin": [-4, 11, 3], "size": [4, 8, 6], "uv": [64, 64], "mirror": true},
						{"origin": [-4, 8, 3], "size": [4, 3, 5], "pivot": [-3, 14, 3], "rotation": [5, 0, 0], "uv": [80, 46], "mirror": true},
						{"origin": [-4, 2, 4], "size": [4, 7, 4], "uv": [70, 78], "mirror": true},
						{"origin": [-4, 0, 2], "size": [4, 2, 6], "uv": [73, 8], "mirror": true}
					]
				},
				{
					"name": "leg3",
					"pivot": [0, 19, 24],
					"cubes": [
						{"origin": [8, 8, 18], "size": [4, 3, 5], "pivot": [9, 14, 18], "rotation": [5, 0, 0], "uv": [78, 62]},
						{"origin": [8, 0, 17], "size": [4, 2, 6], "uv": [38, 73]},
						{"origin": [8, 2, 19], "size": [4, 7, 4], "uv": [54, 78]},
						{"origin": [8, 10, 21], "size": [4, 9, 7], "pivot": [9, 22, 21], "rotation": [-20, 0, 0], "uv": [22, 59]}
					]
				},
				{
					"name": "leg4",
					"pivot": [0, 19, 24],
					"cubes": [
						{"origin": [-4, 8, 18], "size": [4, 3, 5], "pivot": [-3, 14, 18], "rotation": [5, 0, 0], "uv": [78, 62], "mirror": true},
						{"origin": [-4, 0, 17], "size": [4, 2, 6], "uv": [38, 73], "mirror": true},
						{"origin": [-4, 2, 19], "size": [4, 7, 4], "uv": [54, 78], "mirror": true},
						{"origin": [-4, 10, 21], "size": [4, 9, 7], "pivot": [-3, 22, 21], "rotation": [-20, 0, 0], "uv": [22, 59], "mirror": true}
					]
				},
				{
					"name": "bone2",
					"pivot": [0, 21, -7],
					"cubes": [
						{"origin": [-3, 10, 1], "size": [14, 12, 15], "uv": [0, 0]},
						{"origin": [8, 8, 18], "size": [4, 3, 5], "pivot": [9, 14, 18], "rotation": [5, 0, 0], "uv": [78, 62]},
						{"origin": [8, 0, 17], "size": [4, 2, 6], "uv": [38, 73]},
						{"origin": [8, 2, 19], "size": [4, 7, 4], "uv": [54, 78]},
						{"origin": [8, 10, 21], "size": [4, 9, 7], "pivot": [9, 22, 21], "rotation": [-20, 0, 0], "uv": [22, 59]},
						{"origin": [-3, 10, 15], "size": [14, 12, 12], "pivot": [-2, 22, 15], "rotation": [-7.5, 0, 0], "uv": [0, 27]},
						{"origin": [1, 13, 28], "size": [6, 7, 16], "pivot": [-2, 25, 28], "rotation": [-30, 0, 0], "uv": [36, 36]},
						{"origin": [-1, 13, -1], "size": [10, 2, 8], "pivot": [0, 21, -1], "rotation": [-22.5, 0, 0], "uv": [43, 0]}
					]
				}
			]
		}
	]
}