{
	"format_version": "1.12.0",
	"minecraft:geometry": [
		{
			"description": {
				"identifier": "geometry.rhino",
				"texture_width": 512,
				"texture_height": 512,
				"visible_bounds_width": 21,
				"visible_bounds_height": 11,
				"visible_bounds_offset": [0, 1.5, 0]
			},
			"bones": [
				{
					"name": "bone",
					"pivot": [0, 55, 21]
				},
				{
					"name": "leg4",
					"parent": "bone",
					"pivot": [28, 64, 47],
					"cubes": [
						{"origin": [19, 36, 34], "size": [19, 34, 27], "pivot": [31, 82, 31], "rotation": [-7.5, 0, 0], "uv": [275, 152]},
						{"origin": [20, 24, 29], "size": [17, 12, 23], "pivot": [31, 55, 23], "rotation": [2.5, 0, 0], "uv": [315, 81]},
						{"origin": [20, -1, 31], "size": [17, 25, 17], "pivot": [31, 43, 24], "rotation": [2.5, 0, 0], "uv": [219, 331]},
						{"origin": [19, -2, 30], "size": [19, 8, 19], "pivot": [31, 25, 24], "rotation": [2.5, 0, 0], "uv": [287, 339]}
					]
				},
				{
					"name": "leg2",
					"parent": "bone",
					"pivot": [-7, 60, 49],
					"cubes": [
						{"origin": [-18, 34.88955, 31.05778], "size": [19, 34, 27], "pivot": [-6, 59, 38], "rotation": [-7.5, 0, 0], "uv": [0, 269]},
						{"origin": [-18, -0.3741, 31.31541], "size": [18, 25, 17], "pivot": [-6, 59, 38], "rotation": [2.5, 0, 0], "uv": [149, 325]},
						{"origin": [-18, 24.6581, 29.8398], "size": [15, 12, 21], "pivot": [-6, 59, 38], "rotation": [2.5, 0, 0], "uv": [124, 0]},
						{"origin": [-19, -1.35697, 28.53027], "size": [20, 8, 20], "pivot": [-6, 59, 38], "rotation": [2.5, 0, 0], "uv": [320, 35]},
						{"origin": [-17, 24, 29], "size": [17, 12, 23], "pivot": [-6, 55, 23], "rotation": [2.5, 0, 0], "uv": [69, 311]}
					]
				},
				{
					"name": "body",
					"parent": "bone",
					"pivot": [15, 47, 42],
					"cubes": [
						{"origin": [-11, 38, -48], "size": [42, 45, 35], "pivot": [-11, 82, -48], "rotation": [2.5, 0, 0], "uv": [121, 135]},
						{"origin": [-11, 30, -48], "size": [42, 10, 35], "pivot": [-11, 71, -48], "rotation": [2.5, 0, 0], "uv": [164, 0]},
						{"origin": [-11, 31, -14], "size": [42, 48, 40], "pivot": [-11, 84, -14], "rotation": [2.5, 0, 0], "uv": [0, 0]},
						{"origin": [-9, 28.18214, 2.31775], "size": [38, 8, 41], "pivot": [11, 37.68214, 15.31775], "rotation": [10, 0, 0], "uv": [0, 174]},
						{"origin": [-10.5, 74, -14], "size": [41, 10, 40], "pivot": [-11, 118, -14], "rotation": [-7.5, 0, 0], "uv": [124, 48]},
						{"origin": [-9, 43, -24], "size": [38, 8, 34], "pivot": [0, 60, -90], "rotation": [-10, 0, 0], "uv": [124, 215]},
						{"origin": [-11.25, 35, 25], "size": [42.5, 46, 36], "pivot": [-11, 86, 25], "rotation": [-7.5, 0, 0], "uv": [0, 88]}
					]
				},
				{
					"name": "tail",
					"parent": "body",
					"pivot": [8, 71, 58],
					"cubes": [
						{"origin": [7, 50.9502, 57.55251], "size": [9, 25, 8], "pivot": [11.5, 63.4502, 61.55251], "rotation": [32.5, 0, 0], "uv": [0, 0]},
						{"origin": [8, 35.47171, 67.77261], "size": [7, 19, 5], "pivot": [11.5, 44.97171, 73.27261], "rotation": [20, 0, 0], "uv": [0, 188]},
						{"origin": [7, 28.00189, 68.16071], "size": [9, 13, 9], "pivot": [11.5, 37.50189, 78.66071], "rotation": [7.5, 0, 0], "uv": [0, 88]}
					]
				},
				{
					"name": "leg1",
					"pivot": [31, 59, -29],
					"cubes": [
						{"origin": [14, 41, -44], "size": [25, 29, 25], "pivot": [31, 87, -48], "rotation": [2.5, 0, 0], "uv": [240, 98]},
						{"origin": [20, 30, -42], "size": [18, 12, 23], "pivot": [31, 61, -48], "rotation": [2.5, 0, 0], "uv": [156, 98]},
						{"origin": [20, 6, -40], "size": [18, 25, 17], "pivot": [31, 50, -47], "rotation": [2.5, 0, 0], "uv": [320, 213]},
						{"origin": [19, -2, -41], "size": [20, 8, 19], "pivot": [31, 25, -47], "rotation": [2.5, 0, 0], "uv": [330, 312]}
					]
				},
				{
					"name": "leg3",
					"pivot": [-9, 64, -30],
					"cubes": [
						{"origin": [-19, 43, -43], "size": [17, 27, 23], "pivot": [-9, 89, -48], "rotation": [2.5, 0, 0], "uv": [269, 281]},
						{"origin": [-18, 31, -42], "size": [17, 12, 23], "pivot": [-7, 62, -48], "rotation": [2.5, 0, 0], "uv": [283, 0]},
						{"origin": [-18, 6, -40], "size": [17, 25, 17], "pivot": [-7, 50, -47], "rotation": [2.5, 0, 0], "uv": [0, 330]},
						{"origin": [-19, -2, -41], "size": [19, 8, 19], "pivot": [-7, 25, -47], "rotation": [2.5, 0, 0], "uv": [331, 262]}
					]
				},
				{
					"name": "head",
					"pivot": [11, 59, -49],
					"cubes": [
						{"origin": [-3, 39.60289, -105.50833], "size": [26, 14, 22], "pivot": [10, 46.60289, -96.00833], "rotation": [-65, 0, 0], "uv": [246, 45]},
						{"origin": [-3, 36, -96], "size": [26, 24, 30], "pivot": [0, 66, -71], "rotation": [5, 0, 0], "uv": [238, 227]},
						{"origin": [-2.75, 61.02157, -80.23099], "size": [25.5, 5, 15], "pivot": [10, 61.52157, -72.73099], "rotation": [47.5, 0, 0], "uv": [340, 0]},
						{"origin": [-1.75, 43, -71], "size": [24.5, 28, 26], "pivot": [0, 72, -64], "rotation": [5, 0, 0], "uv": [94, 257]},
						{"origin": [-1.75, 67.22457, -78.62615], "size": [24.5, 10, 36], "pivot": [11, 72.22457, -52.12615], "rotation": [40, 0, 0], "uv": [0, 223]},
						{"origin": [19, 73, -70], "size": [7, 12, 2], "pivot": [15, 77, -57], "rotation": [12.5, 0, 17.5], "uv": [215, 98]},
						{"origin": [-6, 68, -71], "size": [7, 15, 2], "pivot": [-1, 75, -57], "rotation": [12.5, 0, -27.5], "uv": [124, 0]},
						{"origin": [-1, 35, -68], "size": [22, 14, 31], "pivot": [0, 55, -54], "rotation": [-17.5, 0, 0], "uv": [163, 280]},
						{"origin": [5, 65.06115, -102.80229], "size": [10, 11, 7], "uv": [0, 170]},
						{"origin": [4, 55, -104], "size": [12, 12, 11], "pivot": [8, 64, -95], "rotation": [12.5, 0, 0], "uv": [120, 98]},
						{"origin": [9, 61, -85], "size": [4, 10, 4], "uv": [24, 188]},
						{"origin": [8, 57, -86], "size": [6, 8, 6], "pivot": [9, 64, -82], "rotation": [12.5, 0, 0], "uv": [0, 110]},
						{"origin": [6, 72.87184, -101.0287], "size": [8, 12, 4], "pivot": [10, 78.87184, -98.0287], "rotation": [-7.5, 0, 0], "uv": [175, 0]}
					]
				}
			]
		}
	]
}