{
	"format_version": "1.12.0",
	"minecraft:geometry": [
		{
			"description": {
				"identifier": "geometry.sloth",
				"texture_width": 64,
				"texture_height": 64,
				"visible_bounds_width": 3,
				"visible_bounds_height": 1.5,
				"visible_bounds_offset": [0, 0.25, 0]
			},
			"bones": [
				{
					"name": "body",
					"pivot": [0, 0, 0],
					"rotation": [-5, 0, 0]
				},
				{
					"name": "body2",
					"parent": "body",
					"pivot": [0, -0.99619, 0.08716],
					"rotation": [5, 0, 0],
					"cubes": [
						{"origin": [-3, 1.00381, -2.91284], "size": [7, 6, 9], "uv": [0, 0]}
					]
				},
				{
					"name": "body3",
					"parent": "body",
					"pivot": [0, 0, 13]
				},
				{
					"name": "body4",
					"parent": "body",
					"pivot": [0, 0, 13],
					"rotation": [30, 0, 0]
				},
				{
					"name": "leg1",
					"pivot": [-5, -1, -2],
					"rotation": [10, 0, 55]
				},
				{
					"name": "leg1a",
					"parent": "leg1",
					"pivot": [-3.52485, 2.83553, -1.66443],
					"rotation": [-5, 0, -55],
					"cubes": [
						{"origin": [-10.28183, 2.75519, 5.1086], "size": [3, 2, 4], "pivot": [0, 0, 1], "rotation": [0, -10, 0], "uv": [33, 23]},
						{"origin": [-11.44586, -2.14593, 4.73587], "size": [3, 6, 3], "pivot": [0, 0, 1], "rotation": [0, 0, 35], "uv": [31, 12]}
					]
				},
				{
					"name": "leg1b",
					"parent": "leg1a",
					"pivot": [-3.52485, 2.83553, -1.66443],
					"rotation": [-55, 0, 0],
					"cubes": [
						{"origin": [-10.42941, 6.76415, 0.52887], "size": [3, 2, 1], "pivot": [0, 0, 1], "rotation": [0, 0, -5], "uv": [32, 7]}
					]
				},
				{
					"name": "leg2",
					"pivot": [6, 0, -3],
					"rotation": [5, -20, -35],
					"cubes": [
						{"origin": [8.34697, -0.5805, 4.81618], "size": [3, 6, 3], "pivot": [0, 0, 2], "rotation": [0, 5, -5], "uv": [24, 27]}
					]
				},
				{
					"name": "leg2a",
					"parent": "leg2",
					"pivot": [3.11029, 2.23445, -1.08008],
					"rotation": [10, 10, 30],
					"cubes": [
						{"origin": [7.77114, 1.81713, 3.66943], "size": [3, 2, 4], "pivot": [0, 0, 2], "rotation": [-5, 0, 0], "uv": [32, 32]}
					]
				},
				{
					"name": "leg2b",
					"parent": "leg2a",
					"pivot": [3.11029, 2.23445, -1.08008],
					"rotation": [-55, 0, 0],
					"cubes": [
						{"origin": [7.97114, 5.11409, 0.65902], "size": [3, 2, 1], "uv": [0, 6]}
					]
				},
				{
					"name": "leg3",
					"pivot": [-6, -2, -11],
					"rotation": [5, 0, 60],
					"cubes": [
						{"origin": [-11, -2.43578, -3.21903], "size": [3, 6, 3], "uv": [12, 27]}
					]
				},
				{
					"name": "leg3a",
					"parent": "leg3",
					"pivot": [-6.23205, 1.67154, -11.6826],
					"rotation": [-5, 0, -60],
					"cubes": [
						{"origin": [-12.60945, 1.8886, -5.70159], "size": [3, 2, 5], "uv": [23, 0]}
					]
				},
				{
					"name": "leg3b",
					"parent": "leg3a",
					"pivot": [-6.23205, 1.67154, -11.6826],
					"rotation": [-55, 0, 0],
					"cubes": [
						{"origin": [-12.70945, 5.87625, -9.70342], "size": [3, 2, 1], "uv": [0, 3]}
					]
				},
				{
					"name": "leg4",
					"pivot": [7, -2, -11],
					"rotation": [5, 0, -70],
					"cubes": [
						{"origin": [9, -2.43578, -3.21903], "size": [3, 6, 3], "uv": [0, 26]}
					]
				},
				{
					"name": "leg4a",
					"parent": "leg4",
					"pivot": [7.85332, 1.57694, -11.69088],
					"rotation": [-5, 0, 70],
					"cubes": [
						{"origin": [11.26282, 1.86259, -5.71587], "size": [3, 2, 5], "uv": [20, 20]}
					]
				},
				{
					"name": "leg4b",
					"parent": "leg4a",
					"pivot": [7.85332, 1.57694, -11.69088],
					"rotation": [-55, 0, 0],
					"cubes": [
						{"origin": [11.16282, 5.81607, -9.77131], "size": [3, 2, 1], "uv": [0, 0]}
					]
				},
				{
					"name": "head",
					"pivot": [0, 0, 0],
					"cubes": [
						{"origin": [-2, 1, -8], "size": [5, 6, 5], "uv": [0, 15]}
					]
				},
				{
					"name": "head2",
					"parent": "head",
					"pivot": [0, 0, 0],
					"cubes": [
						{"origin": [-1, 2, -10], "size": [3, 2, 2], "uv": [15, 15]}
					]
				}
			]
		}
	]
}