{
	"format_version": "1.12.0",
	"minecraft:geometry": [
		{
			"description": {
				"identifier": "geometry.turtler", 
				"texture_width": 256,
				"texture_height": 256,
				"visible_bounds_width": 8,
				"visible_bounds_height": 3,
				"visible_bounds_offset": [0, 0.5, 0]
			},
			"bones": [
				{
					"name": "bone",
					"pivot": [-12, 4, -1],
					"cubes": [
						{"origin": [-7, 1, -10], "size": [15, 6, 26], "uv": [0, 60]},
						{"origin": [-11, 6, -9], "size": [23, 3, 28], "uv": [0, 0]},
						{"origin": [-9, 9, -8], "size": [19, 3, 26], "uv": [0, 31]},
						{"origin": [-8, 12, -6], "size": [16, 3, 22], "uv": [56, 60]},
						{"origin": [-6, 15, -3], "size": [12, 2, 16], "uv": [64, 31]}
					]
				},
				{
					"name": "neck",
					"pivot": [-2.625, 4.25, -9.5],
					"cubes": [
						{"origin": [-1.5, 5, -17], "size": [4, 8, 5], "pivot": [-1, 12, -14], "rotation": [57.5, 0, 0], "uv": [56, 60]},
						{"origin": [-1, 1, -15], "size": [3, 10, 4], "pivot": [-1, 10, -14], "rotation": [30, 0, 0], "uv": [64, 31]},
						{"origin": [-1, 2, -12], "size": [3, 8, 5], "pivot": [-1, 10, -10], "rotation": [32.5, 0, 0], "uv": [0, 60]}
					]
				},
				{
					"name": "head",
					"parent": "neck",
					"pivot": [-1, 13, -14],
					"rotation": [15, 0, 0],
					"cubes": [
						{"origin": [-2, 13, -20], "size": [5, 4, 8], "pivot": [-1, 18, -22], "rotation": [-17.5, 0, 0], "uv": [0, 31]},
						{"origin": [-2, 15.5, -22], "size": [5, 3, 3], "pivot": [-1, 21, -30], "rotation": [-17.5, 0, 0], "uv": [74, 18]}
					]
				},
				{
					"name": "jaw",
					"parent": "head",
					"pivot": [0.5, 11, -15.5],
					"cubes": [
						{"origin": [-1.8, 10, -23], "size": [4.6, 2, 9], "pivot": [-1, 14, -23], "rotation": [-2.5, 0, 0], "uv": [0, 12]}
					]
				},
				{
					"name": "leg1",
					"pivot": [8, 3, -4],
					"cubes": [
						{"origin": [5, 3, -7], "size": [7, 4, 4], "pivot": [5, 1, -7], "rotation": [0, 0, 25], "uv": [56, 73]}
					]
				},
				{
					"name": "leg2",
					"parent": "leg1",
					"pivot": [12.30424, 1.26084, -5.84119],
					"cubes": [
						{"origin": [14.07121, -4.69581, -13.90595], "size": [7, 2, 4], "pivot": [21.07121, -3.19581, -3.40595], "rotation": [0, 40, 30], "uv": [74, 6]},
						{"origin": [15.7, -2, -8.3], "size": [2.5, 1, 1], "pivot": [17.37781, -2.21813, -7.56115], "rotation": [0, -7.5, 30], "uv": [18, 6]},
						{"origin": [16.5, -2, -10], "size": [3.5, 1, 1], "pivot": [17, -2, -6], "rotation": [0, 25, 30], "uv": [0, 14]},
						{"origin": [18.5, -2, -9.5], "size": [3.5, 1, 1], "pivot": [16, -2, -5], "rotation": [0, 55, 30], "uv": [0, 12]},
						{"origin": [22, -2, -7.5], "size": [2, 1, 1], "pivot": [16, -2, -4], "rotation": [0, 85, 30], "uv": [19, 12]}
					]
				},
				{
					"name": "leg5",
					"pivot": [-5.04494, 2.31364, -4],
					"cubes": [
						{"origin": [-14.00264, 0.62728, -6.0019], "size": [8, 4, 4], "pivot": [-10.00264, 2.62728, -4.0019], "rotation": [0, 0, -27.5], "uv": [0, 43]}
					]
				},
				{
					"name": "leg6",
					"parent": "leg5",
					"pivot": [-11.38036, -0.62205, -4.17493],
					"cubes": [
						{"origin": [-17.75983, -5, -14.22912], "size": [7, 2, 4], "pivot": [-21.25983, -6.00908, -7.72912], "rotation": [0, -40, -25], "uv": [74, 0]},
						{"origin": [-18.91276, -3, -8.0019], "size": [3, 1, 1], "pivot": [-17.91276, -5, -5.0019], "rotation": [0, -12.5, -25], "uv": [0, 0]},
						{"origin": [-17.26461, -2.41292, -10.0019], "size": [3, 1, 1], "pivot": [-16.76456, -5.9129, -10.5019], "rotation": [0, -30, -25], "uv": [0, 4]},
						{"origin": [-15.83705, -1.28093, -9.89985], "size": [3, 1, 1], "pivot": [-14.33705, -2.78093, -11.39985], "rotation": [0, -55, -25], "uv": [0, 2]},
						{"origin": [-15.62755, -1.41639, -10.74188], "size": [2, 1, 1], "pivot": [-14.62755, -2.91639, -10.24188], "rotation": [0, -87.5, -25], "uv": [18, 2]}
					]
				},
				{
					"name": "tail",
					"pivot": [-12, -4, -13],
					"cubes": [
						{"origin": [-1, 5, 14], "size": [4, 2, 10], "pivot": [3, 4, 14], "rotation": [-17.5, 0, 0], "uv": [0, 0]}
					]
				},
				{
					"name": "leg7",
					"pivot": [-7.25, 1.9, 15],
					"cubes": [
						{"origin": [-10, -4, 12], "size": [7, 4, 4], "pivot": [-18, -6, 12], "rotation": [0, 10, -27.5], "uv": [64, 49]}
					]
				},
				{
					"name": "leg8",
					"parent": "leg7",
					"pivot": [-12.27852, 0.3, 12.11542],
					"cubes": [
						{"origin": [-17.89259, -5, 3.0771], "size": [7, 2, 4], "pivot": [-21.39259, -6.0303, 11.5771], "rotation": [0, -40, -25], "uv": [0, 51]},
						{"origin": [-17, -3, 10], "size": [2, 1, 1], "pivot": [-18, -5, 17], "rotation": [0, -5, -25], "uv": [18, 0]},
						{"origin": [-20, -3, 8], "size": [2, 1, 1], "pivot": [-18, -5, 15], "rotation": [0, -32.5, -25], "uv": [0, 18]},
						{"origin": [-23, -3, 7], "size": [2, 1, 1], "pivot": [-18, -5, 15], "rotation": [0, -55, -25], "uv": [18, 4]},
						{"origin": [-25, -3, 8], "size": [2, 1, 1], "pivot": [-18, -5, 14], "rotation": [0, -87.5, -25], "uv": [0, 16]}
					]
				},
				{
					"name": "leg3",
					"pivot": [10.05, 3.5, 12.9],
					"cubes": [
						{"origin": [5, 3, 10], "size": [7, 4, 4], "pivot": [6, 1, 10], "rotation": [0, -7.5, 25], "uv": [0, 73]}
					]
				},
				{
					"name": "leg4",
					"parent": "leg3",
					"pivot": [12, 1.76784, 11.1],
					"cubes": [
						{"origin": [13, -2, 7], "size": [6, 2, 4], "pivot": [17, -2, 14], "rotation": [0, 40, 30], "uv": [74, 12]},
						{"origin": [14, -2.66082, 10.5], "size": [3, 1, 1], "pivot": [19.01059, -3.16082, 17.52933], "rotation": [0, 0, 30], "uv": [0, 6]},
						{"origin": [19, -2.5, 8.5], "size": [2, 1, 1], "pivot": [19, -3, 16], "rotation": [0, 30, 30], "uv": [19, 14]},
						{"origin": [20, -1, 9.5], "size": [2, 1, 1], "pivot": [16, -2, 15], "rotation": [0, 55, 30], "uv": [18, 8]},
						{"origin": [21, -1, 11], "size": [3, 1, 1], "pivot": [16, -2, 15], "rotation": [0, 85, 30], "uv": [0, 8]}
					]
				}
			]
		}
	]
}