{
	"format_version": "1.12.0",
	"minecraft:geometry": [
		{
			"description": {
				"identifier": "geometry.zebra",
				"texture_width": 256,
				"texture_height": 256,
				"visible_bounds_width": 10,
				"visible_bounds_height": 7,
				"visible_bounds_offset": [0, 1.5, 0]
			},
			"bones": [
				{
					"name": "bone",
					"pivot": [0, 13, 2]
				},
				{
					"name": "bone2",
					"parent": "bone",
					"pivot": [0, 31, 15],
					"cubes": [
						{"origin": [-6, 18, -19], "size": [17, 19, 17], "pivot": [0, 28, -30], "rotation": [2.5, 0, 0], "uv": [0, 0]},
						{"origin": [-6, 23, 9], "size": [17, 19, 13], "pivot": [0, 28, -30], "rotation": [-5, 0, 0], "uv": [47, 57]},
						{"origin": [-5, 18, -2], "size": [15, 19, 15], "pivot": [0, 28, -30], "rotation": [2.5, 0, 0], "uv": [0, 36]}
					]
				},
				{
					"name": "bone5",
					"parent": "bone2",
					"pivot": [0, 32, -13],
					"cubes": [
						{"origin": [-8, 20, -17], "size": [11, 13, 10], "uv": [86, 0]},
						{"origin": [-7, 15, -17], "size": [7, 4, 8], "pivot": [0, 28, -30], "rotation": [5, 0, 0], "uv": [51, 0]},
						{"origin": [-6, 4, -15], "size": [5, 13, 6], "uv": [34, 112]},
						{"origin": [-7, 0, -16], "size": [7, 4, 7], "uv": [121, 16]}
					]
				},
				{
					"name": "bone3",
					"parent": "bone2",
					"pivot": [8, 31, -10],
					"cubes": [
						{"origin": [2, 20, -17], "size": [11, 13, 10], "uv": [92, 33]},
						{"origin": [6, 4, -15], "size": [5, 13, 6], "uv": [56, 112]},
						{"origin": [5, 0, -16], "size": [7, 4, 7], "uv": [128, 0]},
						{"origin": [5, 15, -17], "size": [7, 4, 8], "pivot": [0, 28, -30], "rotation": [5, 0, 0], "uv": [110, 87]}
					]
				},
				{
					"name": "bone4",
					"parent": "bone2",
					"pivot": [2.5, 34.44907, 21.56877],
					"cubes": [
						{"origin": [1, 22.39813, 23.63753], "size": [3, 16, 3], "pivot": [2.5, 23.39813, 32.13753], "rotation": [15, 0, 0], "uv": [36, 131]},
						{"origin": [0, 8, 22], "size": [5, 9, 4], "pivot": [0, 28, -30], "rotation": [5, 0, 0], "uv": [18, 131]}
					]
				},
				{
					"name": "neck",
					"parent": "bone2",
					"pivot": [0, 30, -16],
					"rotation": [15, 0, 0],
					"cubes": [
						{"origin": [-2, 35.1739, -28.79491], "size": [9, 7, 16], "pivot": [2.5, 39.1739, -19.79491], "rotation": [-35, 0, 0], "uv": [52, 20]},
						{"origin": [-1, 34, -36], "size": [7, 9, 16], "pivot": [0, 28, -30], "rotation": [-50, 0, 0], "uv": [0, 70]},
						{"origin": [2, 46, -36], "size": [1, 5, 8], "pivot": [0, 28, -30], "rotation": [-35, 0, 0], "uv": [48, 131]},
						{"origin": [2, 46, -33], "size": [1, 5, 11], "pivot": [0, 28, -30], "rotation": [-47.5, 0, 0], "uv": [78, 112]}
					]
				},
				{
					"name": "head",
					"parent": "neck",
					"pivot": [1.53487, 42.3977, -24.52267],
					"rotation": [-12.5, 0, 0],
					"cubes": [
						{"origin": [-1.001, 41, -40], "size": [7.002, 6, 13], "pivot": [0, 28, -30], "rotation": [17.5, 0, 0], "uv": [0, 99]},
						{"origin": [3.84163, 46.35495, -26], "size": [1, 6, 3], "pivot": [6.34163, 49.35495, -25.5], "rotation": [0, -120, 7.5], "uv": [0, 36]},
						{"origin": [-4.66728, 46.13356, -29.11333], "size": [1, 6, 3], "pivot": [-1.16728, 50.13356, -25.61333], "rotation": [0, -47.5, -12.5], "uv": [5, 42]},
						{"origin": [2, 45, -26], "size": [1, 6, 6], "pivot": [0, 28, -30], "rotation": [5, 0, 0], "uv": [0, 0]},
						{"origin": [-3, 36, -33], "size": [11, 11, 8], "uv": [107, 56]}
					]
				},
				{
					"name": "jaw",
					"parent": "head",
					"pivot": [2.5, 38.5, -35],
					"cubes": [
						{"origin": [-1, 36, -43], "size": [7, 5, 12], "uv": [108, 100]}
					]
				},
				{
					"name": "bone7",
					"parent": "bone",
					"pivot": [-3.3, 26.3, 15.5],
					"cubes": [
						{"origin": [-8, 25, 11], "size": [11, 13, 10], "pivot": [0, 28, -30], "rotation": [-7.5, 0, 0], "uv": [36, 89]},
						{"origin": [-7, 13, 11], "size": [7, 4, 8], "pivot": [0, 28, -30], "rotation": [5, 0, 0], "uv": [60, 43]},
						{"origin": [-6, 4, 14], "size": [5, 11, 6], "pivot": [0, 28, -30], "rotation": [-2.5, 0, 0], "uv": [102, 117]},
						{"origin": [-7, 0, 12], "size": [7, 4, 7], "uv": [124, 27]},
						{"origin": [-6, 5, 11], "size": [5, 7, 6], "pivot": [0, 28, -30], "rotation": [7.5, 0, 0], "uv": [72, 128]}
					]
				},
				{
					"name": "bone6",
					"parent": "bone",
					"pivot": [8.3, 28.5, 19.5],
					"cubes": [
						{"origin": [2, 26, 11], "size": [11, 13, 10], "pivot": [0, 28, -30], "rotation": [-7.5, 0, 0], "uv": [78, 89]},
						{"origin": [5, 13, 11], "size": [7, 4, 8], "pivot": [0, 28, -30], "rotation": [5, 0, 0], "uv": [107, 75]},
						{"origin": [6, 4, 14], "size": [5, 11, 6], "pivot": [0, 28, -30], "rotation": [-2.5, 0, 0], "uv": [0, 118]},
						{"origin": [5, 0, 12], "size": [7, 4, 7], "uv": [124, 117]},
						{"origin": [6, 5, 11], "size": [5, 7, 6], "pivot": [0, 28, -30], "rotation": [7.5, 0, 0], "uv": [118, 128]}
					]
				}
			]
		}
	]
}