{
	"format_version": "1.8.0",
	"animations": {
		"animation.adaxf.move": {
			"loop": true,
			"animation_length": 1.04,
			"bones": {
				"bone": {
					"rotation": {
						"0.0": [0, 0, 5],
						"0.52": [0, 0, -10],
						"1.04": [0, 0, 5]
					}
				},
				"bone3": {
					"rotation": {
						"0.0": [0, 0, 7.5],
						"0.52": [0, 0, 0],
						"1.04": [0, 0, 7.5]
					}
				},
				"bone5": {
					"rotation": {
						"0.0": [50, 0, 0],
						"0.52": [-15, 0, 0],
						"1.04": [50, 0, 0]
					}
				},
				"bone6": {
					"rotation": {
						"0.0": [-40, 0, 0],
						"0.52": [30, 0, 0],
						"1.04": [-40, 0, 0]
					}
				},
				"bone7": {
					"rotation": {
						"0.0": [25, 0, 0],
						"0.52": [-35, 0, 0],
						"1.04": [25, 0, 0]
					}
				},
				"bone8": {
					"rotation": {
						"0.0": [-17.5, 0, 0],
						"0.52": [37.5, 0, 0],
						"1.04": [-17.5, 0, 0]
					}
				}
			}
		}
	}
}