{
	"format_version": "1.8.0",
	"animations": {
		"animation.lc_d.walk": {
			"loop": true,
			"animation_length": 0.56,
			"bones": {
				"tail": {
					"rotation": {
						"0.0": [0, 0, 0],
						"0.16": [0, 30, 0],
						"0.36": [0, -30, 0],
						"0.52": [0, 0, 0]
					}
				},
				"leg1": {
					"rotation": {
						"0.0": [0, 0, 0],
						"0.16": [-45, 0, 0],
						"0.36": [30, 0, 0],
						"0.52": [0, 0, 0]
					}
				},
				"leg2": {
					"rotation": {
						"0.0": [0, 0, 0],
						"0.16": [45, 0, 0],
						"0.36": [-45, 0, 0],
						"0.52": [0, 0, 0]
					}
				},
				"leg3": {
					"rotation": {
						"0.0": [0, 0, 0],
						"0.16": [45, 0, 0],
						"0.36": [-30, 0, 0],
						"0.52": [0, 0, 0]
					}
				},
				"leg4": {
					"rotation": {
						"0.0": [0, 0, 0],
						"0.16": [-30, 0, 0],
						"0.36": [45, 0, 0],
						"0.52": [0, 0, 0]
					}
				}
			}
		}
	}
}