{
  "format_version": "1.13.0",
  "minecraft:entity": {
    "description": {
      "identifier": "fmods:monke",
      "is_spawnable": true,
      "is_summonable": true,
      "is_experimental": false
    },
    "component_groups": {
      "minecraft:lemur_baby": {
        "minecraft:is_baby": {
        },
        "minecraft:scale": {
          "value": 0.1
        },
        "minecraft:ageable": {
          "duration": 1200,
          "feed_items": [ "carrot", "beetroot", "potato" ],
          "grow_up": {
            "event": "minecraft:ageable_grow_up",
            "target": "self"
          }
        },

        "minecraft:behavior.follow_parent": {
          "priority": 6,
          "speed_multiplier": 1.1
        }
      },

      "minecraft:lemur_adult": {
        "minecraft:scale": {
          "value": 0.4
        },
        "minecraft:experience_reward": {
          "on_bred": "Math.Random(1,7)",
          "on_death": "query.last_hit_by_player ? Math.Random(1,3) : 0"
        },
        "minecraft:loot": {
          "table": "loot_tables/entities/pig.json"
        },
        "minecraft:behavior.breed": {
          "priority": 4,
          "speed_multiplier": 1.0
        },
        "minecraft:breedable": {
          "require_tame": false,
          "breeds_with": {
            "mate_type": "fmods:nyala_female",
            "baby_type": "fmods:nyala_male",
            "breed_event": {
              "event": "minecraft:entity_born",
              "target": "baby"
            }
          },
          "breed_items": [ "carrot", "beetroot", "potato" ]
        }
       }
      },


    "components": {
      "minecraft:type_family": {
        "family": [ "monke", "mob" ]
      },
        "minecraft:attack": {
          "damage": 10
        },
      "minecraft:behavior.melee_attack": {
        "priority": 1,
        "target_dist": 1.2,
        "track_target": true,
        "reach_multiplier": 1.0
      },
      "minecraft:breathable": {
        "total_supply": 15,
        "suffocate_time": 0
      },
      "minecraft:nameable": {
      },
      "minecraft:health": {
        "value": 10,
        "max": 10
      },
      "minecraft:hurt_on_condition": {
        "damage_conditions": [
          {
            "filters": { "test": "in_lava", "subject": "self", "operator": "==", "value": true },
            "cause": "lava",
            "damage_per_tick": 4
          }
        ]
      },
      "minecraft:movement": {
        "value": 0.25
      },
      "minecraft:navigation.walk": {
        "can_path_over_water": true,
        "avoid_water": true,
        "avoid_damage_blocks": true
      },
      "minecraft:movement.basic": {

      },
      "minecraft:jump.static": {
      },
      "minecraft:can_climb": {
      },
      "minecraft:collision_box": {
        "width": 2.0,
        "height": 2.0
      },
      "minecraft:leashable": {
        "soft_distance": 4.0,
        "hard_distance": 6.0,
        "max_distance": 10.0
      },
      "minecraft:balloonable": {
        "mass": 0.75
      },
      "minecraft:behavior.mount_pathing": {
        "priority": 1,
        "speed_multiplier": 1.25,
        "target_dist": 0.0,
        "track_target": true
      },
      "minecraft:behavior.float": {
        "priority": 2
      },
      "minecraft:behavior.tempt": {
        "priority": 5,
        "speed_multiplier": 1.2,
        "items": [
          "potato",
          "carrot",
          "beetroot",
          "carrotOnAStick"
        ]                                     },
      "minecraft:behavior.avoid_mob_type": {
        "priority": 5,
        "entity_types": [
          {
            "filters": {
              "any_of": [
                {
                  "all_of": [
                    { "test": "is_family", "subject": "other", "value": "player" },
                    { "test": "trusts", "subject": "other", "operator": "!=", "value": true },
                    { "test": "is_sneaking", "subject": "other", "operator": "!=", "value": true }
                  ]
                },
                { "test": "is_family", "subject": "other", "value": "hyena" },
                { "test": "is_family", "subject": "other", "value": "cheetah" }
              ]
            },
            "max_dist": 10,
            "walk_speed_multiplier": 1.0,
            "sprint_speed_multiplier": 1.5
          }
        ]
      },
      "minecraft:behavior.random_stroll": {
        "priority": 7,
        "speed_multiplier": 1.0
      },
      "minecraft:behavior.look_at_player": {
        "priority": 8,
        "look_distance": 6.0,
        "probability": 0.02
      },
      "minecraft:behavior.random_look_around": {
        "priority": 9
      },
	    "minecraft:physics": {
      },
      "minecraft:pushable": {
        "is_pushable": true,
        "is_pushable_by_piston": true
      }
    },


    "events": {
      "become_zombie": {
        "remove": {
        },
        "add": {
          "component_groups": [
            "minecraft:lemur_transform"
          ]
        }
      },
      "minecraft:entity_spawned": {
        "randomize": [
          {
            "weight": 95,
            "remove": {
            },
            "add": {
              "component_groups": [
                "minecraft:lemur_adult"
              ]
            }
          },
          {
            "weight": 5,
            "remove": {
            },
            "add": {
              "component_groups": [
                "minecraft:lemur_baby"
              ]

            }
          }
        ]
      },

      "minecraft:entity_born": {
        "remove": {
        },
        "add": {
          "component_groups": [
            "minecraft:lemur_baby"
          ]
        }
      },

      "minecraft:ageable_grow_up": {
        "remove": {
          "component_groups": [
            "minecraft:lemur_baby"
          ]
        },
        "add": {
          "component_groups": [
            "minecraft:lemur_adult",
            "minecraft:lemur_unsaddled"
          ]
        }
      },
 
      "minecraft:on_saddled": {
        "remove": {
          "component_groups": [
            "minecraft:lemur_unsaddled"
          ]
        },
        "add": {
          "component_groups": [
            "minecraft:lemur_saddled"
          ]
        }
      }
    }
  }
}
