{"format_version":"1.13.0","minecraft:entity":{"component_groups":{"minecraft:malayan_tapir_adult":{"minecraft:behavior.breed":{"priority":4,"speed_multiplier":1},"minecraft:breedable":{"breed_items":["carrot","beetroot","potato"],"breeds_with":{"baby_type":"fmods:malayan_tapir","breed_event":{"event":"minecraft:entity_born","target":"baby"},"mate_type":"fmods:malayan_tapir"},"require_tame":false},"minecraft:experience_reward":{"on_bred":"Math.Random(1,7)","on_death":"query.last_hit_by_player ? Math.Random(1,3) : 0"},"minecraft:loot":{"table":"loot_tables/entities/pig.json"},"minecraft:scale":{"value":0.6}},"minecraft:malayan_tapir_baby":{"minecraft:ageable":{"duration":1200,"feed_items":["carrot","beetroot","potato"],"grow_up":{"event":"minecraft:ageable_grow_up","target":"self"}},"minecraft:behavior.follow_parent":{"priority":6,"speed_multiplier":1.1},"minecraft:is_baby":{},"minecraft:scale":{"value":0.2}}},"components":{"minecraft:balloonable":{"mass":0.75},"minecraft:behavior.float":{"priority":2},"minecraft:behavior.look_at_player":{"look_distance":6,"priority":8,"probability":0.02},"minecraft:behavior.mount_pathing":{"priority":1,"speed_multiplier":1.25,"target_dist":0,"track_target":true},"minecraft:behavior.random_look_around":{"priority":9},"minecraft:behavior.random_stroll":{"priority":7,"speed_multiplier":1},"minecraft:behavior.tempt":{"items":["potato","carrot","beetroot","carrotOnAStick"],"priority":5,"speed_multiplier":1.2},"minecraft:breathable":{"suffocate_time":0,"total_supply":15},"minecraft:can_climb":{},"minecraft:collision_box":{"height":2,"width":2},"minecraft:health":{"max":20,"value":20},"minecraft:hurt_on_condition":{"damage_conditions":[{"cause":"lava","damage_per_tick":4,"filters":{"operator":"==","subject":"self","test":"in_lava","value":true}}]},"minecraft:jump.static":{},"minecraft:leashable":{"hard_distance":6,"max_distance":10,"soft_distance":4},"minecraft:movement":{"value":0.25},"minecraft:movement.basic":{},"minecraft:nameable":{},"minecraft:navigation.walk":{"avoid_damage_blocks":true,"avoid_water":true,"can_path_over_water":true},"minecraft:physics":{},"minecraft:pushable":{"is_pushable":true,"is_pushable_by_piston":true},"minecraft:type_family":{"family":["malayan_tapir","mob"]}},"description":{"identifier":"fmods:malayan_tapir","is_experimental":false,"is_spawnable":true,"is_summonable":true},"events":{"become_zombie":{"add":{"component_groups":["minecraft:malayan_tapir_transform"]},"remove":{}},"minecraft:ageable_grow_up":{"add":{"component_groups":["minecraft:malayan_tapir_adult","minecraft:malayan_tapir_unsaddled"]},"remove":{"component_groups":["minecraft:malayan_tapir_baby"]}},"minecraft:entity_born":{"add":{"component_groups":["minecraft:malayan_tapir_baby"]},"remove":{}},"minecraft:entity_spawned":{"randomize":[{"add":{"component_groups":["minecraft:malayan_tapir_adult"]},"remove":{},"weight":95},{"add":{"component_groups":["minecraft:malayan_tapir_baby"]},"remove":{},"weight":5}]},"minecraft:on_saddled":{"add":{"component_groups":["minecraft:malayan_tapir_saddled"]},"remove":{"component_groups":["minecraft:malayan_tapir_unsaddled"]}}}}}