{
	"format_version": "1.8.0",
	"animations": {
		"animation.anaconda.attack": {
			"animation_length": 0.28,
			"bones": {
				"bone": {
					"rotation": {
						"0.0": [-7.5, 0, 0],
						"0.2": [30, 0, 0]
					},
					"position": {
						"0.0": [0, 30, 0],
						"0.2": [0, 48, 0]
					}
				},
				"bone3": {
					"rotation": {
						"0.0": [55, 0, 0],
						"0.2": [5, 0, 0]
					}
				},
				"bone4": {
					"rotation": [-42.5, 0, 0],
					"position": [0, 1, -2]
				},
				"bone5": {
					"rotation": [-10, 0, 0]
				},
				"bone6": {
					"rotation": {
						"0.0": [17.5, 0, 0],
						"0.2": [2.5, 0, 0]
					}
				},
				"bone7": {
					"rotation": {
						"0.0": [12.5, 0, 0],
						"0.2": [2.5, 0, 0]
					}
				},
				"bone8": {
					"rotation": {
						"0.0": [10, 0, 0],
						"0.2": [7.5, 0, 0]
					}
				},
				"bone9": {
					"rotation": {
						"0.0": [15, 0, 0],
						"0.2": [7.5, 0, 0]
					}
				}
			}
		}
	}
}