{
	"format_version": "1.8.0",
	"animations": {
		"animation.anaconda.sleep": {
			"loop": true,
			"animation_length": 2.12,
			"bones": {
				"bone": {
					"rotation": [0, 7.5, 0],
					"position": [8.1, 0, 35.925]
				},
				"bone4": {
					"rotation": [0, -67.5, 0],
					"position": [1.675, 0, -1.075],
					"scale": {
						"0.0": [1, 1.1, 1],
						"1.08": [1, 1, 1],
						"2.12": [1, 1.1, 1]
					}
				},
				"bone5": {
					"rotation": [0, -50, 0],
					"position": [0.7, 0, -1.575]
				},
				"bone6": {
					"rotation": [0, -50, 0],
					"position": [1.175, 0, -1.05]
				},
				"bone7": {
					"rotation": [0, -52.5, 0],
					"position": [1, 0, -1.525]
				},
				"bone8": {
					"rotation": [0, -37.5, 0],
					"position": [0.725, 0, -1.85]
				},
				"bone9": {
					"rotation": [0, -27.5, 0],
					"position": [0, 0, -1.475]
				},
				"bone10": {
					"rotation": [0, -32.5, 0],
					"position": [0, 0, -1.75]
				},
				"bone11": {
					"rotation": [0, -30, 0],
					"position": [0, 0, -1.95]
				},
				"bone12": {
					"rotation": [0, -32.5, 0]
				}
			}
		}
	}
}